evaluation_type,session,sample,model,cfg_scale,original_filename,new_filename,relative_path
IC,1,1,bp,N/A,000002_--U7joUcTCo_bp.wav,ic_session01_sample01_baseline_basic_pitch.wav,ic_evaluation/session_01/ic_session01_sample01_baseline_basic_pitch.wav
IC,1,2,ds,N/A,000002_--U7joUcTCo_ds.wav,ic_session01_sample02_baseline_deep_salience.wav,ic_evaluation/session_01/ic_session01_sample02_baseline_deep_salience.wav
IC,1,3,sori,0.0,000002_--U7joUcTCo_300k_sori_0.0.wav,ic_session01_sample03_sori_adv_cfg0.0.wav,ic_evaluation/session_01/ic_session01_sample03_sori_adv_cfg0.0.wav
IC,1,4,sori,0.5,000002_--U7joUcTCo_300k_sori_0.5.wav,ic_session01_sample04_sori_adv_cfg0.5.wav,ic_evaluation/session_01/ic_session01_sample04_sori_adv_cfg0.5.wav
IC,1,5,sori,1.0,000002_--U7joUcTCo_300k_sori_1.0.wav,ic_session01_sample05_sori_adv_cfg1.0.wav,ic_evaluation/session_01/ic_session01_sample05_sori_adv_cfg1.0.wav
IC,1,6,sori,2.0,000002_--U7joUcTCo_300k_sori_2.0.wav,ic_session01_sample06_sori_adv_cfg2.0.wav,ic_evaluation/session_01/ic_session01_sample06_sori_adv_cfg2.0.wav
IC,1,7,sori,3.0,000002_--U7joUcTCo_300k_sori_3.0.wav,ic_session01_sample07_sori_adv_cfg3.0.wav,ic_evaluation/session_01/ic_session01_sample07_sori_adv_cfg3.0.wav
IC,1,8,sori_no_adv,0.0,000002_--U7joUcTCo_300k_sori_no_adv_0.0.wav,ic_session01_sample08_sori_noadv_cfg0.0.wav,ic_evaluation/session_01/ic_session01_sample08_sori_noadv_cfg0.0.wav
IC,1,9,sori_no_adv,0.5,000002_--U7joUcTCo_300k_sori_no_adv_0.5.wav,ic_session01_sample09_sori_noadv_cfg0.5.wav,ic_evaluation/session_01/ic_session01_sample09_sori_noadv_cfg0.5.wav
IC,1,10,sori_no_adv,1.0,000002_--U7joUcTCo_300k_sori_no_adv_1.0.wav,ic_session01_sample10_sori_noadv_cfg1.0.wav,ic_evaluation/session_01/ic_session01_sample10_sori_noadv_cfg1.0.wav
IC,1,11,sori_no_adv,2.0,000002_--U7joUcTCo_300k_sori_no_adv_2.0.wav,ic_session01_sample11_sori_noadv_cfg2.0.wav,ic_evaluation/session_01/ic_session01_sample11_sori_noadv_cfg2.0.wav
IC,1,12,sori_no_adv,3.0,000002_--U7joUcTCo_300k_sori_no_adv_3.0.wav,ic_session01_sample12_sori_noadv_cfg3.0.wav,ic_evaluation/session_01/ic_session01_sample12_sori_noadv_cfg3.0.wav
IC,1,13,tt,N/A,000002_--U7joUcTCo_tt.wav,ic_session01_sample13_baseline_timbre_trap.wav,ic_evaluation/session_01/ic_session01_sample13_baseline_timbre_trap.wav
IC,2,1,bp,N/A,000007_-0RWZT-miFs_bp.wav,ic_session02_sample01_baseline_basic_pitch.wav,ic_evaluation/session_02/ic_session02_sample01_baseline_basic_pitch.wav
IC,2,2,ds,N/A,000007_-0RWZT-miFs_ds.wav,ic_session02_sample02_baseline_deep_salience.wav,ic_evaluation/session_02/ic_session02_sample02_baseline_deep_salience.wav
IC,2,3,sori,0.0,000007_-0RWZT-miFs_300k_sori_0.0.wav,ic_session02_sample03_sori_adv_cfg0.0.wav,ic_evaluation/session_02/ic_session02_sample03_sori_adv_cfg0.0.wav
IC,2,4,sori,0.5,000007_-0RWZT-miFs_300k_sori_0.5.wav,ic_session02_sample04_sori_adv_cfg0.5.wav,ic_evaluation/session_02/ic_session02_sample04_sori_adv_cfg0.5.wav
IC,2,5,sori,1.0,000007_-0RWZT-miFs_300k_sori_1.0.wav,ic_session02_sample05_sori_adv_cfg1.0.wav,ic_evaluation/session_02/ic_session02_sample05_sori_adv_cfg1.0.wav
IC,2,6,sori,2.0,000007_-0RWZT-miFs_300k_sori_2.0.wav,ic_session02_sample06_sori_adv_cfg2.0.wav,ic_evaluation/session_02/ic_session02_sample06_sori_adv_cfg2.0.wav
IC,2,7,sori,3.0,000007_-0RWZT-miFs_300k_sori_3.0.wav,ic_session02_sample07_sori_adv_cfg3.0.wav,ic_evaluation/session_02/ic_session02_sample07_sori_adv_cfg3.0.wav
IC,2,8,sori_no_adv,0.0,000007_-0RWZT-miFs_300k_sori_no_adv_0.0.wav,ic_session02_sample08_sori_noadv_cfg0.0.wav,ic_evaluation/session_02/ic_session02_sample08_sori_noadv_cfg0.0.wav
IC,2,9,sori_no_adv,0.5,000007_-0RWZT-miFs_300k_sori_no_adv_0.5.wav,ic_session02_sample09_sori_noadv_cfg0.5.wav,ic_evaluation/session_02/ic_session02_sample09_sori_noadv_cfg0.5.wav
IC,2,10,sori_no_adv,1.0,000007_-0RWZT-miFs_300k_sori_no_adv_1.0.wav,ic_session02_sample10_sori_noadv_cfg1.0.wav,ic_evaluation/session_02/ic_session02_sample10_sori_noadv_cfg1.0.wav
IC,2,11,sori_no_adv,2.0,000007_-0RWZT-miFs_300k_sori_no_adv_2.0.wav,ic_session02_sample11_sori_noadv_cfg2.0.wav,ic_evaluation/session_02/ic_session02_sample11_sori_noadv_cfg2.0.wav
IC,2,12,sori_no_adv,3.0,000007_-0RWZT-miFs_300k_sori_no_adv_3.0.wav,ic_session02_sample12_sori_noadv_cfg3.0.wav,ic_evaluation/session_02/ic_session02_sample12_sori_noadv_cfg3.0.wav
IC,2,13,tt,N/A,000007_-0RWZT-miFs_tt.wav,ic_session02_sample13_baseline_timbre_trap.wav,ic_evaluation/session_02/ic_session02_sample13_baseline_timbre_trap.wav
IC,3,1,bp,N/A,000008_-0jeONf82dE_bp.wav,ic_session03_sample01_baseline_basic_pitch.wav,ic_evaluation/session_03/ic_session03_sample01_baseline_basic_pitch.wav
IC,3,2,ds,N/A,000008_-0jeONf82dE_ds.wav,ic_session03_sample02_baseline_deep_salience.wav,ic_evaluation/session_03/ic_session03_sample02_baseline_deep_salience.wav
IC,3,3,sori,0.0,000008_-0jeONf82dE_300k_sori_0.0.wav,ic_session03_sample03_sori_adv_cfg0.0.wav,ic_evaluation/session_03/ic_session03_sample03_sori_adv_cfg0.0.wav
IC,3,4,sori,0.5,000008_-0jeONf82dE_300k_sori_0.5.wav,ic_session03_sample04_sori_adv_cfg0.5.wav,ic_evaluation/session_03/ic_session03_sample04_sori_adv_cfg0.5.wav
IC,3,5,sori,1.0,000008_-0jeONf82dE_300k_sori_1.0.wav,ic_session03_sample05_sori_adv_cfg1.0.wav,ic_evaluation/session_03/ic_session03_sample05_sori_adv_cfg1.0.wav
IC,3,6,sori,2.0,000008_-0jeONf82dE_300k_sori_2.0.wav,ic_session03_sample06_sori_adv_cfg2.0.wav,ic_evaluation/session_03/ic_session03_sample06_sori_adv_cfg2.0.wav
IC,3,7,sori,3.0,000008_-0jeONf82dE_300k_sori_3.0.wav,ic_session03_sample07_sori_adv_cfg3.0.wav,ic_evaluation/session_03/ic_session03_sample07_sori_adv_cfg3.0.wav
IC,3,8,sori_no_adv,0.0,000008_-0jeONf82dE_300k_sori_no_adv_0.0.wav,ic_session03_sample08_sori_noadv_cfg0.0.wav,ic_evaluation/session_03/ic_session03_sample08_sori_noadv_cfg0.0.wav
IC,3,9,sori_no_adv,0.5,000008_-0jeONf82dE_300k_sori_no_adv_0.5.wav,ic_session03_sample09_sori_noadv_cfg0.5.wav,ic_evaluation/session_03/ic_session03_sample09_sori_noadv_cfg0.5.wav
IC,3,10,sori_no_adv,1.0,000008_-0jeONf82dE_300k_sori_no_adv_1.0.wav,ic_session03_sample10_sori_noadv_cfg1.0.wav,ic_evaluation/session_03/ic_session03_sample10_sori_noadv_cfg1.0.wav
IC,3,11,sori_no_adv,2.0,000008_-0jeONf82dE_300k_sori_no_adv_2.0.wav,ic_session03_sample11_sori_noadv_cfg2.0.wav,ic_evaluation/session_03/ic_session03_sample11_sori_noadv_cfg2.0.wav
IC,3,12,sori_no_adv,3.0,000008_-0jeONf82dE_300k_sori_no_adv_3.0.wav,ic_session03_sample12_sori_noadv_cfg3.0.wav,ic_evaluation/session_03/ic_session03_sample12_sori_noadv_cfg3.0.wav
IC,3,13,tt,N/A,000008_-0jeONf82dE_tt.wav,ic_session03_sample13_baseline_timbre_trap.wav,ic_evaluation/session_03/ic_session03_sample13_baseline_timbre_trap.wav
IC,4,1,bp,N/A,000037_-4SYC2YgzL8_bp.wav,ic_session04_sample01_baseline_basic_pitch.wav,ic_evaluation/session_04/ic_session04_sample01_baseline_basic_pitch.wav
IC,4,2,ds,N/A,000037_-4SYC2YgzL8_ds.wav,ic_session04_sample02_baseline_deep_salience.wav,ic_evaluation/session_04/ic_session04_sample02_baseline_deep_salience.wav
IC,4,3,sori,0.0,000037_-4SYC2YgzL8_300k_sori_0.0.wav,ic_session04_sample03_sori_adv_cfg0.0.wav,ic_evaluation/session_04/ic_session04_sample03_sori_adv_cfg0.0.wav
IC,4,4,sori,0.5,000037_-4SYC2YgzL8_300k_sori_0.5.wav,ic_session04_sample04_sori_adv_cfg0.5.wav,ic_evaluation/session_04/ic_session04_sample04_sori_adv_cfg0.5.wav
IC,4,5,sori,1.0,000037_-4SYC2YgzL8_300k_sori_1.0.wav,ic_session04_sample05_sori_adv_cfg1.0.wav,ic_evaluation/session_04/ic_session04_sample05_sori_adv_cfg1.0.wav
IC,4,6,sori,2.0,000037_-4SYC2YgzL8_300k_sori_2.0.wav,ic_session04_sample06_sori_adv_cfg2.0.wav,ic_evaluation/session_04/ic_session04_sample06_sori_adv_cfg2.0.wav
IC,4,7,sori,3.0,000037_-4SYC2YgzL8_300k_sori_3.0.wav,ic_session04_sample07_sori_adv_cfg3.0.wav,ic_evaluation/session_04/ic_session04_sample07_sori_adv_cfg3.0.wav
IC,4,8,sori_no_adv,0.0,000037_-4SYC2YgzL8_300k_sori_no_adv_0.0.wav,ic_session04_sample08_sori_noadv_cfg0.0.wav,ic_evaluation/session_04/ic_session04_sample08_sori_noadv_cfg0.0.wav
IC,4,9,sori_no_adv,0.5,000037_-4SYC2YgzL8_300k_sori_no_adv_0.5.wav,ic_session04_sample09_sori_noadv_cfg0.5.wav,ic_evaluation/session_04/ic_session04_sample09_sori_noadv_cfg0.5.wav
IC,4,10,sori_no_adv,1.0,000037_-4SYC2YgzL8_300k_sori_no_adv_1.0.wav,ic_session04_sample10_sori_noadv_cfg1.0.wav,ic_evaluation/session_04/ic_session04_sample10_sori_noadv_cfg1.0.wav
IC,4,11,sori_no_adv,2.0,000037_-4SYC2YgzL8_300k_sori_no_adv_2.0.wav,ic_session04_sample11_sori_noadv_cfg2.0.wav,ic_evaluation/session_04/ic_session04_sample11_sori_noadv_cfg2.0.wav
IC,4,12,sori_no_adv,3.0,000037_-4SYC2YgzL8_300k_sori_no_adv_3.0.wav,ic_session04_sample12_sori_noadv_cfg3.0.wav,ic_evaluation/session_04/ic_session04_sample12_sori_noadv_cfg3.0.wav
IC,4,13,tt,N/A,000037_-4SYC2YgzL8_tt.wav,ic_session04_sample13_baseline_timbre_trap.wav,ic_evaluation/session_04/ic_session04_sample13_baseline_timbre_trap.wav
IC,5,1,bp,N/A,000049_-6cTEqIcics_bp.wav,ic_session05_sample01_baseline_basic_pitch.wav,ic_evaluation/session_05/ic_session05_sample01_baseline_basic_pitch.wav
IC,5,2,ds,N/A,000049_-6cTEqIcics_ds.wav,ic_session05_sample02_baseline_deep_salience.wav,ic_evaluation/session_05/ic_session05_sample02_baseline_deep_salience.wav
IC,5,3,sori,0.0,000049_-6cTEqIcics_300k_sori_0.0.wav,ic_session05_sample03_sori_adv_cfg0.0.wav,ic_evaluation/session_05/ic_session05_sample03_sori_adv_cfg0.0.wav
IC,5,4,sori,0.5,000049_-6cTEqIcics_300k_sori_0.5.wav,ic_session05_sample04_sori_adv_cfg0.5.wav,ic_evaluation/session_05/ic_session05_sample04_sori_adv_cfg0.5.wav
IC,5,5,sori,1.0,000049_-6cTEqIcics_300k_sori_1.0.wav,ic_session05_sample05_sori_adv_cfg1.0.wav,ic_evaluation/session_05/ic_session05_sample05_sori_adv_cfg1.0.wav
IC,5,6,sori,2.0,000049_-6cTEqIcics_300k_sori_2.0.wav,ic_session05_sample06_sori_adv_cfg2.0.wav,ic_evaluation/session_05/ic_session05_sample06_sori_adv_cfg2.0.wav
IC,5,7,sori,3.0,000049_-6cTEqIcics_300k_sori_3.0.wav,ic_session05_sample07_sori_adv_cfg3.0.wav,ic_evaluation/session_05/ic_session05_sample07_sori_adv_cfg3.0.wav
IC,5,8,sori_no_adv,0.0,000049_-6cTEqIcics_300k_sori_no_adv_0.0.wav,ic_session05_sample08_sori_noadv_cfg0.0.wav,ic_evaluation/session_05/ic_session05_sample08_sori_noadv_cfg0.0.wav
IC,5,9,sori_no_adv,0.5,000049_-6cTEqIcics_300k_sori_no_adv_0.5.wav,ic_session05_sample09_sori_noadv_cfg0.5.wav,ic_evaluation/session_05/ic_session05_sample09_sori_noadv_cfg0.5.wav
IC,5,10,sori_no_adv,1.0,000049_-6cTEqIcics_300k_sori_no_adv_1.0.wav,ic_session05_sample10_sori_noadv_cfg1.0.wav,ic_evaluation/session_05/ic_session05_sample10_sori_noadv_cfg1.0.wav
IC,5,11,sori_no_adv,2.0,000049_-6cTEqIcics_300k_sori_no_adv_2.0.wav,ic_session05_sample11_sori_noadv_cfg2.0.wav,ic_evaluation/session_05/ic_session05_sample11_sori_noadv_cfg2.0.wav
IC,5,12,sori_no_adv,3.0,000049_-6cTEqIcics_300k_sori_no_adv_3.0.wav,ic_session05_sample12_sori_noadv_cfg3.0.wav,ic_evaluation/session_05/ic_session05_sample12_sori_noadv_cfg3.0.wav
IC,5,13,tt,N/A,000049_-6cTEqIcics_tt.wav,ic_session05_sample13_baseline_timbre_trap.wav,ic_evaluation/session_05/ic_session05_sample13_baseline_timbre_trap.wav
IC,6,1,bp,N/A,000060_-8cgbhIR_pw_bp.wav,ic_session06_sample01_baseline_basic_pitch.wav,ic_evaluation/session_06/ic_session06_sample01_baseline_basic_pitch.wav
IC,6,2,ds,N/A,000060_-8cgbhIR_pw_ds.wav,ic_session06_sample02_baseline_deep_salience.wav,ic_evaluation/session_06/ic_session06_sample02_baseline_deep_salience.wav
IC,6,3,sori,0.0,000060_-8cgbhIR_pw_300k_sori_0.0.wav,ic_session06_sample03_sori_adv_cfg0.0.wav,ic_evaluation/session_06/ic_session06_sample03_sori_adv_cfg0.0.wav
IC,6,4,sori,0.5,000060_-8cgbhIR_pw_300k_sori_0.5.wav,ic_session06_sample04_sori_adv_cfg0.5.wav,ic_evaluation/session_06/ic_session06_sample04_sori_adv_cfg0.5.wav
IC,6,5,sori,1.0,000060_-8cgbhIR_pw_300k_sori_1.0.wav,ic_session06_sample05_sori_adv_cfg1.0.wav,ic_evaluation/session_06/ic_session06_sample05_sori_adv_cfg1.0.wav
IC,6,6,sori,2.0,000060_-8cgbhIR_pw_300k_sori_2.0.wav,ic_session06_sample06_sori_adv_cfg2.0.wav,ic_evaluation/session_06/ic_session06_sample06_sori_adv_cfg2.0.wav
IC,6,7,sori,3.0,000060_-8cgbhIR_pw_300k_sori_3.0.wav,ic_session06_sample07_sori_adv_cfg3.0.wav,ic_evaluation/session_06/ic_session06_sample07_sori_adv_cfg3.0.wav
IC,6,8,sori_no_adv,0.0,000060_-8cgbhIR_pw_300k_sori_no_adv_0.0.wav,ic_session06_sample08_sori_noadv_cfg0.0.wav,ic_evaluation/session_06/ic_session06_sample08_sori_noadv_cfg0.0.wav
IC,6,9,sori_no_adv,0.5,000060_-8cgbhIR_pw_300k_sori_no_adv_0.5.wav,ic_session06_sample09_sori_noadv_cfg0.5.wav,ic_evaluation/session_06/ic_session06_sample09_sori_noadv_cfg0.5.wav
IC,6,10,sori_no_adv,1.0,000060_-8cgbhIR_pw_300k_sori_no_adv_1.0.wav,ic_session06_sample10_sori_noadv_cfg1.0.wav,ic_evaluation/session_06/ic_session06_sample10_sori_noadv_cfg1.0.wav
IC,6,11,sori_no_adv,2.0,000060_-8cgbhIR_pw_300k_sori_no_adv_2.0.wav,ic_session06_sample11_sori_noadv_cfg2.0.wav,ic_evaluation/session_06/ic_session06_sample11_sori_noadv_cfg2.0.wav
IC,6,12,sori_no_adv,3.0,000060_-8cgbhIR_pw_300k_sori_no_adv_3.0.wav,ic_session06_sample12_sori_noadv_cfg3.0.wav,ic_evaluation/session_06/ic_session06_sample12_sori_noadv_cfg3.0.wav
IC,6,13,tt,N/A,000060_-8cgbhIR_pw_tt.wav,ic_session06_sample13_baseline_timbre_trap.wav,ic_evaluation/session_06/ic_session06_sample13_baseline_timbre_trap.wav
IC,7,1,bp,N/A,000077_-BWhd7Q43tE_bp.wav,ic_session07_sample01_baseline_basic_pitch.wav,ic_evaluation/session_07/ic_session07_sample01_baseline_basic_pitch.wav
IC,7,2,ds,N/A,000077_-BWhd7Q43tE_ds.wav,ic_session07_sample02_baseline_deep_salience.wav,ic_evaluation/session_07/ic_session07_sample02_baseline_deep_salience.wav
IC,7,3,sori,0.0,000077_-BWhd7Q43tE_300k_sori_0.0.wav,ic_session07_sample03_sori_adv_cfg0.0.wav,ic_evaluation/session_07/ic_session07_sample03_sori_adv_cfg0.0.wav
IC,7,4,sori,0.5,000077_-BWhd7Q43tE_300k_sori_0.5.wav,ic_session07_sample04_sori_adv_cfg0.5.wav,ic_evaluation/session_07/ic_session07_sample04_sori_adv_cfg0.5.wav
IC,7,5,sori,1.0,000077_-BWhd7Q43tE_300k_sori_1.0.wav,ic_session07_sample05_sori_adv_cfg1.0.wav,ic_evaluation/session_07/ic_session07_sample05_sori_adv_cfg1.0.wav
IC,7,6,sori,2.0,000077_-BWhd7Q43tE_300k_sori_2.0.wav,ic_session07_sample06_sori_adv_cfg2.0.wav,ic_evaluation/session_07/ic_session07_sample06_sori_adv_cfg2.0.wav
IC,7,7,sori,3.0,000077_-BWhd7Q43tE_300k_sori_3.0.wav,ic_session07_sample07_sori_adv_cfg3.0.wav,ic_evaluation/session_07/ic_session07_sample07_sori_adv_cfg3.0.wav
IC,7,8,sori_no_adv,0.0,000077_-BWhd7Q43tE_300k_sori_no_adv_0.0.wav,ic_session07_sample08_sori_noadv_cfg0.0.wav,ic_evaluation/session_07/ic_session07_sample08_sori_noadv_cfg0.0.wav
IC,7,9,sori_no_adv,0.5,000077_-BWhd7Q43tE_300k_sori_no_adv_0.5.wav,ic_session07_sample09_sori_noadv_cfg0.5.wav,ic_evaluation/session_07/ic_session07_sample09_sori_noadv_cfg0.5.wav
IC,7,10,sori_no_adv,1.0,000077_-BWhd7Q43tE_300k_sori_no_adv_1.0.wav,ic_session07_sample10_sori_noadv_cfg1.0.wav,ic_evaluation/session_07/ic_session07_sample10_sori_noadv_cfg1.0.wav
IC,7,11,sori_no_adv,2.0,000077_-BWhd7Q43tE_300k_sori_no_adv_2.0.wav,ic_session07_sample11_sori_noadv_cfg2.0.wav,ic_evaluation/session_07/ic_session07_sample11_sori_noadv_cfg2.0.wav
IC,7,12,sori_no_adv,3.0,000077_-BWhd7Q43tE_300k_sori_no_adv_3.0.wav,ic_session07_sample12_sori_noadv_cfg3.0.wav,ic_evaluation/session_07/ic_session07_sample12_sori_noadv_cfg3.0.wav
IC,7,13,tt,N/A,000077_-BWhd7Q43tE_tt.wav,ic_session07_sample13_baseline_timbre_trap.wav,ic_evaluation/session_07/ic_session07_sample13_baseline_timbre_trap.wav
IC,8,1,bp,N/A,000101_-Gf4Ihv1zwc_bp.wav,ic_session08_sample01_baseline_basic_pitch.wav,ic_evaluation/session_08/ic_session08_sample01_baseline_basic_pitch.wav
IC,8,2,ds,N/A,000101_-Gf4Ihv1zwc_ds.wav,ic_session08_sample02_baseline_deep_salience.wav,ic_evaluation/session_08/ic_session08_sample02_baseline_deep_salience.wav
IC,8,3,sori,0.0,000101_-Gf4Ihv1zwc_300k_sori_0.0.wav,ic_session08_sample03_sori_adv_cfg0.0.wav,ic_evaluation/session_08/ic_session08_sample03_sori_adv_cfg0.0.wav
IC,8,4,sori,0.5,000101_-Gf4Ihv1zwc_300k_sori_0.5.wav,ic_session08_sample04_sori_adv_cfg0.5.wav,ic_evaluation/session_08/ic_session08_sample04_sori_adv_cfg0.5.wav
IC,8,5,sori,1.0,000101_-Gf4Ihv1zwc_300k_sori_1.0.wav,ic_session08_sample05_sori_adv_cfg1.0.wav,ic_evaluation/session_08/ic_session08_sample05_sori_adv_cfg1.0.wav
IC,8,6,sori,2.0,000101_-Gf4Ihv1zwc_300k_sori_2.0.wav,ic_session08_sample06_sori_adv_cfg2.0.wav,ic_evaluation/session_08/ic_session08_sample06_sori_adv_cfg2.0.wav
IC,8,7,sori,3.0,000101_-Gf4Ihv1zwc_300k_sori_3.0.wav,ic_session08_sample07_sori_adv_cfg3.0.wav,ic_evaluation/session_08/ic_session08_sample07_sori_adv_cfg3.0.wav
IC,8,8,sori_no_adv,0.0,000101_-Gf4Ihv1zwc_300k_sori_no_adv_0.0.wav,ic_session08_sample08_sori_noadv_cfg0.0.wav,ic_evaluation/session_08/ic_session08_sample08_sori_noadv_cfg0.0.wav
IC,8,9,sori_no_adv,0.5,000101_-Gf4Ihv1zwc_300k_sori_no_adv_0.5.wav,ic_session08_sample09_sori_noadv_cfg0.5.wav,ic_evaluation/session_08/ic_session08_sample09_sori_noadv_cfg0.5.wav
IC,8,10,sori_no_adv,1.0,000101_-Gf4Ihv1zwc_300k_sori_no_adv_1.0.wav,ic_session08_sample10_sori_noadv_cfg1.0.wav,ic_evaluation/session_08/ic_session08_sample10_sori_noadv_cfg1.0.wav
IC,8,11,sori_no_adv,2.0,000101_-Gf4Ihv1zwc_300k_sori_no_adv_2.0.wav,ic_session08_sample11_sori_noadv_cfg2.0.wav,ic_evaluation/session_08/ic_session08_sample11_sori_noadv_cfg2.0.wav
IC,8,12,sori_no_adv,3.0,000101_-Gf4Ihv1zwc_300k_sori_no_adv_3.0.wav,ic_session08_sample12_sori_noadv_cfg3.0.wav,ic_evaluation/session_08/ic_session08_sample12_sori_noadv_cfg3.0.wav
IC,8,13,tt,N/A,000101_-Gf4Ihv1zwc_tt.wav,ic_session08_sample13_baseline_timbre_trap.wav,ic_evaluation/session_08/ic_session08_sample13_baseline_timbre_trap.wav
IC,9,1,bp,N/A,000105_-HWygXWSNRA_bp.wav,ic_session09_sample01_baseline_basic_pitch.wav,ic_evaluation/session_09/ic_session09_sample01_baseline_basic_pitch.wav
IC,9,2,ds,N/A,000105_-HWygXWSNRA_ds.wav,ic_session09_sample02_baseline_deep_salience.wav,ic_evaluation/session_09/ic_session09_sample02_baseline_deep_salience.wav
IC,9,3,sori,0.0,000105_-HWygXWSNRA_300k_sori_0.0.wav,ic_session09_sample03_sori_adv_cfg0.0.wav,ic_evaluation/session_09/ic_session09_sample03_sori_adv_cfg0.0.wav
IC,9,4,sori,0.5,000105_-HWygXWSNRA_300k_sori_0.5.wav,ic_session09_sample04_sori_adv_cfg0.5.wav,ic_evaluation/session_09/ic_session09_sample04_sori_adv_cfg0.5.wav
IC,9,5,sori,1.0,000105_-HWygXWSNRA_300k_sori_1.0.wav,ic_session09_sample05_sori_adv_cfg1.0.wav,ic_evaluation/session_09/ic_session09_sample05_sori_adv_cfg1.0.wav
IC,9,6,sori,2.0,000105_-HWygXWSNRA_300k_sori_2.0.wav,ic_session09_sample06_sori_adv_cfg2.0.wav,ic_evaluation/session_09/ic_session09_sample06_sori_adv_cfg2.0.wav
IC,9,7,sori,3.0,000105_-HWygXWSNRA_300k_sori_3.0.wav,ic_session09_sample07_sori_adv_cfg3.0.wav,ic_evaluation/session_09/ic_session09_sample07_sori_adv_cfg3.0.wav
IC,9,8,sori_no_adv,0.0,000105_-HWygXWSNRA_300k_sori_no_adv_0.0.wav,ic_session09_sample08_sori_noadv_cfg0.0.wav,ic_evaluation/session_09/ic_session09_sample08_sori_noadv_cfg0.0.wav
IC,9,9,sori_no_adv,0.5,000105_-HWygXWSNRA_300k_sori_no_adv_0.5.wav,ic_session09_sample09_sori_noadv_cfg0.5.wav,ic_evaluation/session_09/ic_session09_sample09_sori_noadv_cfg0.5.wav
IC,9,10,sori_no_adv,1.0,000105_-HWygXWSNRA_300k_sori_no_adv_1.0.wav,ic_session09_sample10_sori_noadv_cfg1.0.wav,ic_evaluation/session_09/ic_session09_sample10_sori_noadv_cfg1.0.wav
IC,9,11,sori_no_adv,2.0,000105_-HWygXWSNRA_300k_sori_no_adv_2.0.wav,ic_session09_sample11_sori_noadv_cfg2.0.wav,ic_evaluation/session_09/ic_session09_sample11_sori_noadv_cfg2.0.wav
IC,9,12,sori_no_adv,3.0,000105_-HWygXWSNRA_300k_sori_no_adv_3.0.wav,ic_session09_sample12_sori_noadv_cfg3.0.wav,ic_evaluation/session_09/ic_session09_sample12_sori_noadv_cfg3.0.wav
IC,9,13,tt,N/A,000105_-HWygXWSNRA_tt.wav,ic_session09_sample13_baseline_timbre_trap.wav,ic_evaluation/session_09/ic_session09_sample13_baseline_timbre_trap.wav
IC,10,1,bp,N/A,000111_-Irh7_N5Kjs_bp.wav,ic_session10_sample01_baseline_basic_pitch.wav,ic_evaluation/session_10/ic_session10_sample01_baseline_basic_pitch.wav
IC,10,2,ds,N/A,000111_-Irh7_N5Kjs_ds.wav,ic_session10_sample02_baseline_deep_salience.wav,ic_evaluation/session_10/ic_session10_sample02_baseline_deep_salience.wav
IC,10,3,sori,0.0,000111_-Irh7_N5Kjs_300k_sori_0.0.wav,ic_session10_sample03_sori_adv_cfg0.0.wav,ic_evaluation/session_10/ic_session10_sample03_sori_adv_cfg0.0.wav
IC,10,4,sori,0.5,000111_-Irh7_N5Kjs_300k_sori_0.5.wav,ic_session10_sample04_sori_adv_cfg0.5.wav,ic_evaluation/session_10/ic_session10_sample04_sori_adv_cfg0.5.wav
IC,10,5,sori,1.0,000111_-Irh7_N5Kjs_300k_sori_1.0.wav,ic_session10_sample05_sori_adv_cfg1.0.wav,ic_evaluation/session_10/ic_session10_sample05_sori_adv_cfg1.0.wav
IC,10,6,sori,2.0,000111_-Irh7_N5Kjs_300k_sori_2.0.wav,ic_session10_sample06_sori_adv_cfg2.0.wav,ic_evaluation/session_10/ic_session10_sample06_sori_adv_cfg2.0.wav
IC,10,7,sori,3.0,000111_-Irh7_N5Kjs_300k_sori_3.0.wav,ic_session10_sample07_sori_adv_cfg3.0.wav,ic_evaluation/session_10/ic_session10_sample07_sori_adv_cfg3.0.wav
IC,10,8,sori_no_adv,0.0,000111_-Irh7_N5Kjs_300k_sori_no_adv_0.0.wav,ic_session10_sample08_sori_noadv_cfg0.0.wav,ic_evaluation/session_10/ic_session10_sample08_sori_noadv_cfg0.0.wav
IC,10,9,sori_no_adv,0.5,000111_-Irh7_N5Kjs_300k_sori_no_adv_0.5.wav,ic_session10_sample09_sori_noadv_cfg0.5.wav,ic_evaluation/session_10/ic_session10_sample09_sori_noadv_cfg0.5.wav
IC,10,10,sori_no_adv,1.0,000111_-Irh7_N5Kjs_300k_sori_no_adv_1.0.wav,ic_session10_sample10_sori_noadv_cfg1.0.wav,ic_evaluation/session_10/ic_session10_sample10_sori_noadv_cfg1.0.wav
IC,10,11,sori_no_adv,2.0,000111_-Irh7_N5Kjs_300k_sori_no_adv_2.0.wav,ic_session10_sample11_sori_noadv_cfg2.0.wav,ic_evaluation/session_10/ic_session10_sample11_sori_noadv_cfg2.0.wav
IC,10,12,sori_no_adv,3.0,000111_-Irh7_N5Kjs_300k_sori_no_adv_3.0.wav,ic_session10_sample12_sori_noadv_cfg3.0.wav,ic_evaluation/session_10/ic_session10_sample12_sori_noadv_cfg3.0.wav
IC,10,13,tt,N/A,000111_-Irh7_N5Kjs_tt.wav,ic_session10_sample13_baseline_timbre_trap.wav,ic_evaluation/session_10/ic_session10_sample13_baseline_timbre_trap.wav
IC,11,1,bp,N/A,000122_-LU2f6iVRVg_bp.wav,ic_session11_sample01_baseline_basic_pitch.wav,ic_evaluation/session_11/ic_session11_sample01_baseline_basic_pitch.wav
IC,11,2,ds,N/A,000122_-LU2f6iVRVg_ds.wav,ic_session11_sample02_baseline_deep_salience.wav,ic_evaluation/session_11/ic_session11_sample02_baseline_deep_salience.wav
IC,11,3,sori,0.0,000122_-LU2f6iVRVg_300k_sori_0.0.wav,ic_session11_sample03_sori_adv_cfg0.0.wav,ic_evaluation/session_11/ic_session11_sample03_sori_adv_cfg0.0.wav
IC,11,4,sori,0.5,000122_-LU2f6iVRVg_300k_sori_0.5.wav,ic_session11_sample04_sori_adv_cfg0.5.wav,ic_evaluation/session_11/ic_session11_sample04_sori_adv_cfg0.5.wav
IC,11,5,sori,1.0,000122_-LU2f6iVRVg_300k_sori_1.0.wav,ic_session11_sample05_sori_adv_cfg1.0.wav,ic_evaluation/session_11/ic_session11_sample05_sori_adv_cfg1.0.wav
IC,11,6,sori,2.0,000122_-LU2f6iVRVg_300k_sori_2.0.wav,ic_session11_sample06_sori_adv_cfg2.0.wav,ic_evaluation/session_11/ic_session11_sample06_sori_adv_cfg2.0.wav
IC,11,7,sori,3.0,000122_-LU2f6iVRVg_300k_sori_3.0.wav,ic_session11_sample07_sori_adv_cfg3.0.wav,ic_evaluation/session_11/ic_session11_sample07_sori_adv_cfg3.0.wav
IC,11,8,sori_no_adv,0.0,000122_-LU2f6iVRVg_300k_sori_no_adv_0.0.wav,ic_session11_sample08_sori_noadv_cfg0.0.wav,ic_evaluation/session_11/ic_session11_sample08_sori_noadv_cfg0.0.wav
IC,11,9,sori_no_adv,0.5,000122_-LU2f6iVRVg_300k_sori_no_adv_0.5.wav,ic_session11_sample09_sori_noadv_cfg0.5.wav,ic_evaluation/session_11/ic_session11_sample09_sori_noadv_cfg0.5.wav
IC,11,10,sori_no_adv,1.0,000122_-LU2f6iVRVg_300k_sori_no_adv_1.0.wav,ic_session11_sample10_sori_noadv_cfg1.0.wav,ic_evaluation/session_11/ic_session11_sample10_sori_noadv_cfg1.0.wav
IC,11,11,sori_no_adv,2.0,000122_-LU2f6iVRVg_300k_sori_no_adv_2.0.wav,ic_session11_sample11_sori_noadv_cfg2.0.wav,ic_evaluation/session_11/ic_session11_sample11_sori_noadv_cfg2.0.wav
IC,11,12,sori_no_adv,3.0,000122_-LU2f6iVRVg_300k_sori_no_adv_3.0.wav,ic_session11_sample12_sori_noadv_cfg3.0.wav,ic_evaluation/session_11/ic_session11_sample12_sori_noadv_cfg3.0.wav
IC,11,13,tt,N/A,000122_-LU2f6iVRVg_tt.wav,ic_session11_sample13_baseline_timbre_trap.wav,ic_evaluation/session_11/ic_session11_sample13_baseline_timbre_trap.wav
IC,12,1,bp,N/A,000126_-MaA9JUGSBI_bp.wav,ic_session12_sample01_baseline_basic_pitch.wav,ic_evaluation/session_12/ic_session12_sample01_baseline_basic_pitch.wav
IC,12,2,ds,N/A,000126_-MaA9JUGSBI_ds.wav,ic_session12_sample02_baseline_deep_salience.wav,ic_evaluation/session_12/ic_session12_sample02_baseline_deep_salience.wav
IC,12,3,sori,0.0,000126_-MaA9JUGSBI_300k_sori_0.0.wav,ic_session12_sample03_sori_adv_cfg0.0.wav,ic_evaluation/session_12/ic_session12_sample03_sori_adv_cfg0.0.wav
IC,12,4,sori,0.5,000126_-MaA9JUGSBI_300k_sori_0.5.wav,ic_session12_sample04_sori_adv_cfg0.5.wav,ic_evaluation/session_12/ic_session12_sample04_sori_adv_cfg0.5.wav
IC,12,5,sori,1.0,000126_-MaA9JUGSBI_300k_sori_1.0.wav,ic_session12_sample05_sori_adv_cfg1.0.wav,ic_evaluation/session_12/ic_session12_sample05_sori_adv_cfg1.0.wav
IC,12,6,sori,2.0,000126_-MaA9JUGSBI_300k_sori_2.0.wav,ic_session12_sample06_sori_adv_cfg2.0.wav,ic_evaluation/session_12/ic_session12_sample06_sori_adv_cfg2.0.wav
IC,12,7,sori,3.0,000126_-MaA9JUGSBI_300k_sori_3.0.wav,ic_session12_sample07_sori_adv_cfg3.0.wav,ic_evaluation/session_12/ic_session12_sample07_sori_adv_cfg3.0.wav
IC,12,8,sori_no_adv,0.0,000126_-MaA9JUGSBI_300k_sori_no_adv_0.0.wav,ic_session12_sample08_sori_noadv_cfg0.0.wav,ic_evaluation/session_12/ic_session12_sample08_sori_noadv_cfg0.0.wav
IC,12,9,sori_no_adv,0.5,000126_-MaA9JUGSBI_300k_sori_no_adv_0.5.wav,ic_session12_sample09_sori_noadv_cfg0.5.wav,ic_evaluation/session_12/ic_session12_sample09_sori_noadv_cfg0.5.wav
IC,12,10,sori_no_adv,1.0,000126_-MaA9JUGSBI_300k_sori_no_adv_1.0.wav,ic_session12_sample10_sori_noadv_cfg1.0.wav,ic_evaluation/session_12/ic_session12_sample10_sori_noadv_cfg1.0.wav
IC,12,11,sori_no_adv,2.0,000126_-MaA9JUGSBI_300k_sori_no_adv_2.0.wav,ic_session12_sample11_sori_noadv_cfg2.0.wav,ic_evaluation/session_12/ic_session12_sample11_sori_noadv_cfg2.0.wav
IC,12,12,sori_no_adv,3.0,000126_-MaA9JUGSBI_300k_sori_no_adv_3.0.wav,ic_session12_sample12_sori_noadv_cfg3.0.wav,ic_evaluation/session_12/ic_session12_sample12_sori_noadv_cfg3.0.wav
IC,12,13,tt,N/A,000126_-MaA9JUGSBI_tt.wav,ic_session12_sample13_baseline_timbre_trap.wav,ic_evaluation/session_12/ic_session12_sample13_baseline_timbre_trap.wav
IC,13,1,bp,N/A,000210_-cA9HsnV1ao_bp.wav,ic_session13_sample01_baseline_basic_pitch.wav,ic_evaluation/session_13/ic_session13_sample01_baseline_basic_pitch.wav
IC,13,2,ds,N/A,000210_-cA9HsnV1ao_ds.wav,ic_session13_sample02_baseline_deep_salience.wav,ic_evaluation/session_13/ic_session13_sample02_baseline_deep_salience.wav
IC,13,3,sori,0.0,000210_-cA9HsnV1ao_300k_sori_0.0.wav,ic_session13_sample03_sori_adv_cfg0.0.wav,ic_evaluation/session_13/ic_session13_sample03_sori_adv_cfg0.0.wav
IC,13,4,sori,0.5,000210_-cA9HsnV1ao_300k_sori_0.5.wav,ic_session13_sample04_sori_adv_cfg0.5.wav,ic_evaluation/session_13/ic_session13_sample04_sori_adv_cfg0.5.wav
IC,13,5,sori,1.0,000210_-cA9HsnV1ao_300k_sori_1.0.wav,ic_session13_sample05_sori_adv_cfg1.0.wav,ic_evaluation/session_13/ic_session13_sample05_sori_adv_cfg1.0.wav
IC,13,6,sori,2.0,000210_-cA9HsnV1ao_300k_sori_2.0.wav,ic_session13_sample06_sori_adv_cfg2.0.wav,ic_evaluation/session_13/ic_session13_sample06_sori_adv_cfg2.0.wav
IC,13,7,sori,3.0,000210_-cA9HsnV1ao_300k_sori_3.0.wav,ic_session13_sample07_sori_adv_cfg3.0.wav,ic_evaluation/session_13/ic_session13_sample07_sori_adv_cfg3.0.wav
IC,13,8,sori_no_adv,0.0,000210_-cA9HsnV1ao_300k_sori_no_adv_0.0.wav,ic_session13_sample08_sori_noadv_cfg0.0.wav,ic_evaluation/session_13/ic_session13_sample08_sori_noadv_cfg0.0.wav
IC,13,9,sori_no_adv,0.5,000210_-cA9HsnV1ao_300k_sori_no_adv_0.5.wav,ic_session13_sample09_sori_noadv_cfg0.5.wav,ic_evaluation/session_13/ic_session13_sample09_sori_noadv_cfg0.5.wav
IC,13,10,sori_no_adv,1.0,000210_-cA9HsnV1ao_300k_sori_no_adv_1.0.wav,ic_session13_sample10_sori_noadv_cfg1.0.wav,ic_evaluation/session_13/ic_session13_sample10_sori_noadv_cfg1.0.wav
IC,13,11,sori_no_adv,2.0,000210_-cA9HsnV1ao_300k_sori_no_adv_2.0.wav,ic_session13_sample11_sori_noadv_cfg2.0.wav,ic_evaluation/session_13/ic_session13_sample11_sori_noadv_cfg2.0.wav
IC,13,12,sori_no_adv,3.0,000210_-cA9HsnV1ao_300k_sori_no_adv_3.0.wav,ic_session13_sample12_sori_noadv_cfg3.0.wav,ic_evaluation/session_13/ic_session13_sample12_sori_noadv_cfg3.0.wav
IC,13,13,tt,N/A,000210_-cA9HsnV1ao_tt.wav,ic_session13_sample13_baseline_timbre_trap.wav,ic_evaluation/session_13/ic_session13_sample13_baseline_timbre_trap.wav
IC,14,1,bp,N/A,000211_-cj4S5lJmYE_bp.wav,ic_session14_sample01_baseline_basic_pitch.wav,ic_evaluation/session_14/ic_session14_sample01_baseline_basic_pitch.wav
IC,14,2,ds,N/A,000211_-cj4S5lJmYE_ds.wav,ic_session14_sample02_baseline_deep_salience.wav,ic_evaluation/session_14/ic_session14_sample02_baseline_deep_salience.wav
IC,14,3,sori,0.0,000211_-cj4S5lJmYE_300k_sori_0.0.wav,ic_session14_sample03_sori_adv_cfg0.0.wav,ic_evaluation/session_14/ic_session14_sample03_sori_adv_cfg0.0.wav
IC,14,4,sori,0.5,000211_-cj4S5lJmYE_300k_sori_0.5.wav,ic_session14_sample04_sori_adv_cfg0.5.wav,ic_evaluation/session_14/ic_session14_sample04_sori_adv_cfg0.5.wav
IC,14,5,sori,1.0,000211_-cj4S5lJmYE_300k_sori_1.0.wav,ic_session14_sample05_sori_adv_cfg1.0.wav,ic_evaluation/session_14/ic_session14_sample05_sori_adv_cfg1.0.wav
IC,14,6,sori,2.0,000211_-cj4S5lJmYE_300k_sori_2.0.wav,ic_session14_sample06_sori_adv_cfg2.0.wav,ic_evaluation/session_14/ic_session14_sample06_sori_adv_cfg2.0.wav
IC,14,7,sori,3.0,000211_-cj4S5lJmYE_300k_sori_3.0.wav,ic_session14_sample07_sori_adv_cfg3.0.wav,ic_evaluation/session_14/ic_session14_sample07_sori_adv_cfg3.0.wav
IC,14,8,sori_no_adv,0.0,000211_-cj4S5lJmYE_300k_sori_no_adv_0.0.wav,ic_session14_sample08_sori_noadv_cfg0.0.wav,ic_evaluation/session_14/ic_session14_sample08_sori_noadv_cfg0.0.wav
IC,14,9,sori_no_adv,0.5,000211_-cj4S5lJmYE_300k_sori_no_adv_0.5.wav,ic_session14_sample09_sori_noadv_cfg0.5.wav,ic_evaluation/session_14/ic_session14_sample09_sori_noadv_cfg0.5.wav
IC,14,10,sori_no_adv,1.0,000211_-cj4S5lJmYE_300k_sori_no_adv_1.0.wav,ic_session14_sample10_sori_noadv_cfg1.0.wav,ic_evaluation/session_14/ic_session14_sample10_sori_noadv_cfg1.0.wav
IC,14,11,sori_no_adv,2.0,000211_-cj4S5lJmYE_300k_sori_no_adv_2.0.wav,ic_session14_sample11_sori_noadv_cfg2.0.wav,ic_evaluation/session_14/ic_session14_sample11_sori_noadv_cfg2.0.wav
IC,14,12,sori_no_adv,3.0,000211_-cj4S5lJmYE_300k_sori_no_adv_3.0.wav,ic_session14_sample12_sori_noadv_cfg3.0.wav,ic_evaluation/session_14/ic_session14_sample12_sori_noadv_cfg3.0.wav
IC,14,13,tt,N/A,000211_-cj4S5lJmYE_tt.wav,ic_session14_sample13_baseline_timbre_trap.wav,ic_evaluation/session_14/ic_session14_sample13_baseline_timbre_trap.wav
IC,15,1,bp,N/A,000233_-geVmY-Zo3E_bp.wav,ic_session15_sample01_baseline_basic_pitch.wav,ic_evaluation/session_15/ic_session15_sample01_baseline_basic_pitch.wav
IC,15,2,ds,N/A,000233_-geVmY-Zo3E_ds.wav,ic_session15_sample02_baseline_deep_salience.wav,ic_evaluation/session_15/ic_session15_sample02_baseline_deep_salience.wav
IC,15,3,sori,0.0,000233_-geVmY-Zo3E_300k_sori_0.0.wav,ic_session15_sample03_sori_adv_cfg0.0.wav,ic_evaluation/session_15/ic_session15_sample03_sori_adv_cfg0.0.wav
IC,15,4,sori,0.5,000233_-geVmY-Zo3E_300k_sori_0.5.wav,ic_session15_sample04_sori_adv_cfg0.5.wav,ic_evaluation/session_15/ic_session15_sample04_sori_adv_cfg0.5.wav
IC,15,5,sori,1.0,000233_-geVmY-Zo3E_300k_sori_1.0.wav,ic_session15_sample05_sori_adv_cfg1.0.wav,ic_evaluation/session_15/ic_session15_sample05_sori_adv_cfg1.0.wav
IC,15,6,sori,2.0,000233_-geVmY-Zo3E_300k_sori_2.0.wav,ic_session15_sample06_sori_adv_cfg2.0.wav,ic_evaluation/session_15/ic_session15_sample06_sori_adv_cfg2.0.wav
IC,15,7,sori,3.0,000233_-geVmY-Zo3E_300k_sori_3.0.wav,ic_session15_sample07_sori_adv_cfg3.0.wav,ic_evaluation/session_15/ic_session15_sample07_sori_adv_cfg3.0.wav
IC,15,8,sori_no_adv,0.0,000233_-geVmY-Zo3E_300k_sori_no_adv_0.0.wav,ic_session15_sample08_sori_noadv_cfg0.0.wav,ic_evaluation/session_15/ic_session15_sample08_sori_noadv_cfg0.0.wav
IC,15,9,sori_no_adv,0.5,000233_-geVmY-Zo3E_300k_sori_no_adv_0.5.wav,ic_session15_sample09_sori_noadv_cfg0.5.wav,ic_evaluation/session_15/ic_session15_sample09_sori_noadv_cfg0.5.wav
IC,15,10,sori_no_adv,1.0,000233_-geVmY-Zo3E_300k_sori_no_adv_1.0.wav,ic_session15_sample10_sori_noadv_cfg1.0.wav,ic_evaluation/session_15/ic_session15_sample10_sori_noadv_cfg1.0.wav
IC,15,11,sori_no_adv,2.0,000233_-geVmY-Zo3E_300k_sori_no_adv_2.0.wav,ic_session15_sample11_sori_noadv_cfg2.0.wav,ic_evaluation/session_15/ic_session15_sample11_sori_noadv_cfg2.0.wav
IC,15,12,sori_no_adv,3.0,000233_-geVmY-Zo3E_300k_sori_no_adv_3.0.wav,ic_session15_sample12_sori_noadv_cfg3.0.wav,ic_evaluation/session_15/ic_session15_sample12_sori_noadv_cfg3.0.wav
IC,15,13,tt,N/A,000233_-geVmY-Zo3E_tt.wav,ic_session15_sample13_baseline_timbre_trap.wav,ic_evaluation/session_15/ic_session15_sample13_baseline_timbre_trap.wav
IC,16,1,bp,N/A,000235_-h5ZGw9Ci5c_bp.wav,ic_session16_sample01_baseline_basic_pitch.wav,ic_evaluation/session_16/ic_session16_sample01_baseline_basic_pitch.wav
IC,16,2,ds,N/A,000235_-h5ZGw9Ci5c_ds.wav,ic_session16_sample02_baseline_deep_salience.wav,ic_evaluation/session_16/ic_session16_sample02_baseline_deep_salience.wav
IC,16,3,sori,0.0,000235_-h5ZGw9Ci5c_300k_sori_0.0.wav,ic_session16_sample03_sori_adv_cfg0.0.wav,ic_evaluation/session_16/ic_session16_sample03_sori_adv_cfg0.0.wav
IC,16,4,sori,0.5,000235_-h5ZGw9Ci5c_300k_sori_0.5.wav,ic_session16_sample04_sori_adv_cfg0.5.wav,ic_evaluation/session_16/ic_session16_sample04_sori_adv_cfg0.5.wav
IC,16,5,sori,1.0,000235_-h5ZGw9Ci5c_300k_sori_1.0.wav,ic_session16_sample05_sori_adv_cfg1.0.wav,ic_evaluation/session_16/ic_session16_sample05_sori_adv_cfg1.0.wav
IC,16,6,sori,2.0,000235_-h5ZGw9Ci5c_300k_sori_2.0.wav,ic_session16_sample06_sori_adv_cfg2.0.wav,ic_evaluation/session_16/ic_session16_sample06_sori_adv_cfg2.0.wav
IC,16,7,sori,3.0,000235_-h5ZGw9Ci5c_300k_sori_3.0.wav,ic_session16_sample07_sori_adv_cfg3.0.wav,ic_evaluation/session_16/ic_session16_sample07_sori_adv_cfg3.0.wav
IC,16,8,sori_no_adv,0.0,000235_-h5ZGw9Ci5c_300k_sori_no_adv_0.0.wav,ic_session16_sample08_sori_noadv_cfg0.0.wav,ic_evaluation/session_16/ic_session16_sample08_sori_noadv_cfg0.0.wav
IC,16,9,sori_no_adv,0.5,000235_-h5ZGw9Ci5c_300k_sori_no_adv_0.5.wav,ic_session16_sample09_sori_noadv_cfg0.5.wav,ic_evaluation/session_16/ic_session16_sample09_sori_noadv_cfg0.5.wav
IC,16,10,sori_no_adv,1.0,000235_-h5ZGw9Ci5c_300k_sori_no_adv_1.0.wav,ic_session16_sample10_sori_noadv_cfg1.0.wav,ic_evaluation/session_16/ic_session16_sample10_sori_noadv_cfg1.0.wav
IC,16,11,sori_no_adv,2.0,000235_-h5ZGw9Ci5c_300k_sori_no_adv_2.0.wav,ic_session16_sample11_sori_noadv_cfg2.0.wav,ic_evaluation/session_16/ic_session16_sample11_sori_noadv_cfg2.0.wav
IC,16,12,sori_no_adv,3.0,000235_-h5ZGw9Ci5c_300k_sori_no_adv_3.0.wav,ic_session16_sample12_sori_noadv_cfg3.0.wav,ic_evaluation/session_16/ic_session16_sample12_sori_noadv_cfg3.0.wav
IC,16,13,tt,N/A,000235_-h5ZGw9Ci5c_tt.wav,ic_session16_sample13_baseline_timbre_trap.wav,ic_evaluation/session_16/ic_session16_sample13_baseline_timbre_trap.wav
IC,17,1,bp,N/A,000254_-ji1W2uf7iM_bp.wav,ic_session17_sample01_baseline_basic_pitch.wav,ic_evaluation/session_17/ic_session17_sample01_baseline_basic_pitch.wav
IC,17,2,ds,N/A,000254_-ji1W2uf7iM_ds.wav,ic_session17_sample02_baseline_deep_salience.wav,ic_evaluation/session_17/ic_session17_sample02_baseline_deep_salience.wav
IC,17,3,sori,0.0,000254_-ji1W2uf7iM_300k_sori_0.0.wav,ic_session17_sample03_sori_adv_cfg0.0.wav,ic_evaluation/session_17/ic_session17_sample03_sori_adv_cfg0.0.wav
IC,17,4,sori,0.5,000254_-ji1W2uf7iM_300k_sori_0.5.wav,ic_session17_sample04_sori_adv_cfg0.5.wav,ic_evaluation/session_17/ic_session17_sample04_sori_adv_cfg0.5.wav
IC,17,5,sori,1.0,000254_-ji1W2uf7iM_300k_sori_1.0.wav,ic_session17_sample05_sori_adv_cfg1.0.wav,ic_evaluation/session_17/ic_session17_sample05_sori_adv_cfg1.0.wav
IC,17,6,sori,2.0,000254_-ji1W2uf7iM_300k_sori_2.0.wav,ic_session17_sample06_sori_adv_cfg2.0.wav,ic_evaluation/session_17/ic_session17_sample06_sori_adv_cfg2.0.wav
IC,17,7,sori,3.0,000254_-ji1W2uf7iM_300k_sori_3.0.wav,ic_session17_sample07_sori_adv_cfg3.0.wav,ic_evaluation/session_17/ic_session17_sample07_sori_adv_cfg3.0.wav
IC,17,8,sori_no_adv,0.0,000254_-ji1W2uf7iM_300k_sori_no_adv_0.0.wav,ic_session17_sample08_sori_noadv_cfg0.0.wav,ic_evaluation/session_17/ic_session17_sample08_sori_noadv_cfg0.0.wav
IC,17,9,sori_no_adv,0.5,000254_-ji1W2uf7iM_300k_sori_no_adv_0.5.wav,ic_session17_sample09_sori_noadv_cfg0.5.wav,ic_evaluation/session_17/ic_session17_sample09_sori_noadv_cfg0.5.wav
IC,17,10,sori_no_adv,1.0,000254_-ji1W2uf7iM_300k_sori_no_adv_1.0.wav,ic_session17_sample10_sori_noadv_cfg1.0.wav,ic_evaluation/session_17/ic_session17_sample10_sori_noadv_cfg1.0.wav
IC,17,11,sori_no_adv,2.0,000254_-ji1W2uf7iM_300k_sori_no_adv_2.0.wav,ic_session17_sample11_sori_noadv_cfg2.0.wav,ic_evaluation/session_17/ic_session17_sample11_sori_noadv_cfg2.0.wav
IC,17,12,sori_no_adv,3.0,000254_-ji1W2uf7iM_300k_sori_no_adv_3.0.wav,ic_session17_sample12_sori_noadv_cfg3.0.wav,ic_evaluation/session_17/ic_session17_sample12_sori_noadv_cfg3.0.wav
IC,17,13,tt,N/A,000254_-ji1W2uf7iM_tt.wav,ic_session17_sample13_baseline_timbre_trap.wav,ic_evaluation/session_17/ic_session17_sample13_baseline_timbre_trap.wav
IC,18,1,bp,N/A,000257_-kPDH9n0PG4_bp.wav,ic_session18_sample01_baseline_basic_pitch.wav,ic_evaluation/session_18/ic_session18_sample01_baseline_basic_pitch.wav
IC,18,2,ds,N/A,000257_-kPDH9n0PG4_ds.wav,ic_session18_sample02_baseline_deep_salience.wav,ic_evaluation/session_18/ic_session18_sample02_baseline_deep_salience.wav
IC,18,3,sori,0.0,000257_-kPDH9n0PG4_300k_sori_0.0.wav,ic_session18_sample03_sori_adv_cfg0.0.wav,ic_evaluation/session_18/ic_session18_sample03_sori_adv_cfg0.0.wav
IC,18,4,sori,0.5,000257_-kPDH9n0PG4_300k_sori_0.5.wav,ic_session18_sample04_sori_adv_cfg0.5.wav,ic_evaluation/session_18/ic_session18_sample04_sori_adv_cfg0.5.wav
IC,18,5,sori,1.0,000257_-kPDH9n0PG4_300k_sori_1.0.wav,ic_session18_sample05_sori_adv_cfg1.0.wav,ic_evaluation/session_18/ic_session18_sample05_sori_adv_cfg1.0.wav
IC,18,6,sori,2.0,000257_-kPDH9n0PG4_300k_sori_2.0.wav,ic_session18_sample06_sori_adv_cfg2.0.wav,ic_evaluation/session_18/ic_session18_sample06_sori_adv_cfg2.0.wav
IC,18,7,sori,3.0,000257_-kPDH9n0PG4_300k_sori_3.0.wav,ic_session18_sample07_sori_adv_cfg3.0.wav,ic_evaluation/session_18/ic_session18_sample07_sori_adv_cfg3.0.wav
IC,18,8,sori_no_adv,0.0,000257_-kPDH9n0PG4_300k_sori_no_adv_0.0.wav,ic_session18_sample08_sori_noadv_cfg0.0.wav,ic_evaluation/session_18/ic_session18_sample08_sori_noadv_cfg0.0.wav
IC,18,9,sori_no_adv,0.5,000257_-kPDH9n0PG4_300k_sori_no_adv_0.5.wav,ic_session18_sample09_sori_noadv_cfg0.5.wav,ic_evaluation/session_18/ic_session18_sample09_sori_noadv_cfg0.5.wav
IC,18,10,sori_no_adv,1.0,000257_-kPDH9n0PG4_300k_sori_no_adv_1.0.wav,ic_session18_sample10_sori_noadv_cfg1.0.wav,ic_evaluation/session_18/ic_session18_sample10_sori_noadv_cfg1.0.wav
IC,18,11,sori_no_adv,2.0,000257_-kPDH9n0PG4_300k_sori_no_adv_2.0.wav,ic_session18_sample11_sori_noadv_cfg2.0.wav,ic_evaluation/session_18/ic_session18_sample11_sori_noadv_cfg2.0.wav
IC,18,12,sori_no_adv,3.0,000257_-kPDH9n0PG4_300k_sori_no_adv_3.0.wav,ic_session18_sample12_sori_noadv_cfg3.0.wav,ic_evaluation/session_18/ic_session18_sample12_sori_noadv_cfg3.0.wav
IC,18,13,tt,N/A,000257_-kPDH9n0PG4_tt.wav,ic_session18_sample13_baseline_timbre_trap.wav,ic_evaluation/session_18/ic_session18_sample13_baseline_timbre_trap.wav
IC,19,1,bp,N/A,000276_-nDPmlHReow_bp.wav,ic_session19_sample01_baseline_basic_pitch.wav,ic_evaluation/session_19/ic_session19_sample01_baseline_basic_pitch.wav
IC,19,2,ds,N/A,000276_-nDPmlHReow_ds.wav,ic_session19_sample02_baseline_deep_salience.wav,ic_evaluation/session_19/ic_session19_sample02_baseline_deep_salience.wav
IC,19,3,sori,0.0,000276_-nDPmlHReow_300k_sori_0.0.wav,ic_session19_sample03_sori_adv_cfg0.0.wav,ic_evaluation/session_19/ic_session19_sample03_sori_adv_cfg0.0.wav
IC,19,4,sori,0.5,000276_-nDPmlHReow_300k_sori_0.5.wav,ic_session19_sample04_sori_adv_cfg0.5.wav,ic_evaluation/session_19/ic_session19_sample04_sori_adv_cfg0.5.wav
IC,19,5,sori,1.0,000276_-nDPmlHReow_300k_sori_1.0.wav,ic_session19_sample05_sori_adv_cfg1.0.wav,ic_evaluation/session_19/ic_session19_sample05_sori_adv_cfg1.0.wav
IC,19,6,sori,2.0,000276_-nDPmlHReow_300k_sori_2.0.wav,ic_session19_sample06_sori_adv_cfg2.0.wav,ic_evaluation/session_19/ic_session19_sample06_sori_adv_cfg2.0.wav
IC,19,7,sori,3.0,000276_-nDPmlHReow_300k_sori_3.0.wav,ic_session19_sample07_sori_adv_cfg3.0.wav,ic_evaluation/session_19/ic_session19_sample07_sori_adv_cfg3.0.wav
IC,19,8,sori_no_adv,0.0,000276_-nDPmlHReow_300k_sori_no_adv_0.0.wav,ic_session19_sample08_sori_noadv_cfg0.0.wav,ic_evaluation/session_19/ic_session19_sample08_sori_noadv_cfg0.0.wav
IC,19,9,sori_no_adv,0.5,000276_-nDPmlHReow_300k_sori_no_adv_0.5.wav,ic_session19_sample09_sori_noadv_cfg0.5.wav,ic_evaluation/session_19/ic_session19_sample09_sori_noadv_cfg0.5.wav
IC,19,10,sori_no_adv,1.0,000276_-nDPmlHReow_300k_sori_no_adv_1.0.wav,ic_session19_sample10_sori_noadv_cfg1.0.wav,ic_evaluation/session_19/ic_session19_sample10_sori_noadv_cfg1.0.wav
IC,19,11,sori_no_adv,2.0,000276_-nDPmlHReow_300k_sori_no_adv_2.0.wav,ic_session19_sample11_sori_noadv_cfg2.0.wav,ic_evaluation/session_19/ic_session19_sample11_sori_noadv_cfg2.0.wav
IC,19,12,sori_no_adv,3.0,000276_-nDPmlHReow_300k_sori_no_adv_3.0.wav,ic_session19_sample12_sori_noadv_cfg3.0.wav,ic_evaluation/session_19/ic_session19_sample12_sori_noadv_cfg3.0.wav
IC,19,13,tt,N/A,000276_-nDPmlHReow_tt.wav,ic_session19_sample13_baseline_timbre_trap.wav,ic_evaluation/session_19/ic_session19_sample13_baseline_timbre_trap.wav
IC,20,1,bp,N/A,000291_-pUfYFcsgG4_bp.wav,ic_session20_sample01_baseline_basic_pitch.wav,ic_evaluation/session_20/ic_session20_sample01_baseline_basic_pitch.wav
IC,20,2,ds,N/A,000291_-pUfYFcsgG4_ds.wav,ic_session20_sample02_baseline_deep_salience.wav,ic_evaluation/session_20/ic_session20_sample02_baseline_deep_salience.wav
IC,20,3,sori,0.0,000291_-pUfYFcsgG4_300k_sori_0.0.wav,ic_session20_sample03_sori_adv_cfg0.0.wav,ic_evaluation/session_20/ic_session20_sample03_sori_adv_cfg0.0.wav
IC,20,4,sori,0.5,000291_-pUfYFcsgG4_300k_sori_0.5.wav,ic_session20_sample04_sori_adv_cfg0.5.wav,ic_evaluation/session_20/ic_session20_sample04_sori_adv_cfg0.5.wav
IC,20,5,sori,1.0,000291_-pUfYFcsgG4_300k_sori_1.0.wav,ic_session20_sample05_sori_adv_cfg1.0.wav,ic_evaluation/session_20/ic_session20_sample05_sori_adv_cfg1.0.wav
IC,20,6,sori,2.0,000291_-pUfYFcsgG4_300k_sori_2.0.wav,ic_session20_sample06_sori_adv_cfg2.0.wav,ic_evaluation/session_20/ic_session20_sample06_sori_adv_cfg2.0.wav
IC,20,7,sori,3.0,000291_-pUfYFcsgG4_300k_sori_3.0.wav,ic_session20_sample07_sori_adv_cfg3.0.wav,ic_evaluation/session_20/ic_session20_sample07_sori_adv_cfg3.0.wav
IC,20,8,sori_no_adv,0.0,000291_-pUfYFcsgG4_300k_sori_no_adv_0.0.wav,ic_session20_sample08_sori_noadv_cfg0.0.wav,ic_evaluation/session_20/ic_session20_sample08_sori_noadv_cfg0.0.wav
IC,20,9,sori_no_adv,0.5,000291_-pUfYFcsgG4_300k_sori_no_adv_0.5.wav,ic_session20_sample09_sori_noadv_cfg0.5.wav,ic_evaluation/session_20/ic_session20_sample09_sori_noadv_cfg0.5.wav
IC,20,10,sori_no_adv,1.0,000291_-pUfYFcsgG4_300k_sori_no_adv_1.0.wav,ic_session20_sample10_sori_noadv_cfg1.0.wav,ic_evaluation/session_20/ic_session20_sample10_sori_noadv_cfg1.0.wav
IC,20,11,sori_no_adv,2.0,000291_-pUfYFcsgG4_300k_sori_no_adv_2.0.wav,ic_session20_sample11_sori_noadv_cfg2.0.wav,ic_evaluation/session_20/ic_session20_sample11_sori_noadv_cfg2.0.wav
IC,20,12,sori_no_adv,3.0,000291_-pUfYFcsgG4_300k_sori_no_adv_3.0.wav,ic_session20_sample12_sori_noadv_cfg3.0.wav,ic_evaluation/session_20/ic_session20_sample12_sori_noadv_cfg3.0.wav
IC,20,13,tt,N/A,000291_-pUfYFcsgG4_tt.wav,ic_session20_sample13_baseline_timbre_trap.wav,ic_evaluation/session_20/ic_session20_sample13_baseline_timbre_trap.wav
MQ,1,1,bp,N/A,000297_-qcTD2o6I9s_bp.wav,mq_session01_sample01_baseline_basic_pitch.wav,mq_evaluation/session_01/mq_session01_sample01_baseline_basic_pitch.wav
MQ,1,2,ds,N/A,000297_-qcTD2o6I9s_ds.wav,mq_session01_sample02_baseline_deep_salience.wav,mq_evaluation/session_01/mq_session01_sample02_baseline_deep_salience.wav
MQ,1,3,sori,0.0,000297_-qcTD2o6I9s_300k_sori_0.0.wav,mq_session01_sample03_sori_adv_cfg0.0.wav,mq_evaluation/session_01/mq_session01_sample03_sori_adv_cfg0.0.wav
MQ,1,4,sori,0.5,000297_-qcTD2o6I9s_300k_sori_0.5.wav,mq_session01_sample04_sori_adv_cfg0.5.wav,mq_evaluation/session_01/mq_session01_sample04_sori_adv_cfg0.5.wav
MQ,1,5,sori,1.0,000297_-qcTD2o6I9s_300k_sori_1.0.wav,mq_session01_sample05_sori_adv_cfg1.0.wav,mq_evaluation/session_01/mq_session01_sample05_sori_adv_cfg1.0.wav
MQ,1,6,sori,2.0,000297_-qcTD2o6I9s_300k_sori_2.0.wav,mq_session01_sample06_sori_adv_cfg2.0.wav,mq_evaluation/session_01/mq_session01_sample06_sori_adv_cfg2.0.wav
MQ,1,7,sori,3.0,000297_-qcTD2o6I9s_300k_sori_3.0.wav,mq_session01_sample07_sori_adv_cfg3.0.wav,mq_evaluation/session_01/mq_session01_sample07_sori_adv_cfg3.0.wav
MQ,1,8,sori_no_adv,0.0,000297_-qcTD2o6I9s_300k_sori_no_adv_0.0.wav,mq_session01_sample08_sori_noadv_cfg0.0.wav,mq_evaluation/session_01/mq_session01_sample08_sori_noadv_cfg0.0.wav
MQ,1,9,sori_no_adv,0.5,000297_-qcTD2o6I9s_300k_sori_no_adv_0.5.wav,mq_session01_sample09_sori_noadv_cfg0.5.wav,mq_evaluation/session_01/mq_session01_sample09_sori_noadv_cfg0.5.wav
MQ,1,10,sori_no_adv,1.0,000297_-qcTD2o6I9s_300k_sori_no_adv_1.0.wav,mq_session01_sample10_sori_noadv_cfg1.0.wav,mq_evaluation/session_01/mq_session01_sample10_sori_noadv_cfg1.0.wav
MQ,1,11,sori_no_adv,2.0,000297_-qcTD2o6I9s_300k_sori_no_adv_2.0.wav,mq_session01_sample11_sori_noadv_cfg2.0.wav,mq_evaluation/session_01/mq_session01_sample11_sori_noadv_cfg2.0.wav
MQ,1,12,sori_no_adv,3.0,000297_-qcTD2o6I9s_300k_sori_no_adv_3.0.wav,mq_session01_sample12_sori_noadv_cfg3.0.wav,mq_evaluation/session_01/mq_session01_sample12_sori_noadv_cfg3.0.wav
MQ,1,13,tt,N/A,000297_-qcTD2o6I9s_tt.wav,mq_session01_sample13_baseline_timbre_trap.wav,mq_evaluation/session_01/mq_session01_sample13_baseline_timbre_trap.wav
MQ,2,1,bp,N/A,000301_-qxw8nbLj_0_bp.wav,mq_session02_sample01_baseline_basic_pitch.wav,mq_evaluation/session_02/mq_session02_sample01_baseline_basic_pitch.wav
MQ,2,2,ds,N/A,000301_-qxw8nbLj_0_ds.wav,mq_session02_sample02_baseline_deep_salience.wav,mq_evaluation/session_02/mq_session02_sample02_baseline_deep_salience.wav
MQ,2,3,sori,0.0,000301_-qxw8nbLj_0_300k_sori_0.0.wav,mq_session02_sample03_sori_adv_cfg0.0.wav,mq_evaluation/session_02/mq_session02_sample03_sori_adv_cfg0.0.wav
MQ,2,4,sori,0.5,000301_-qxw8nbLj_0_300k_sori_0.5.wav,mq_session02_sample04_sori_adv_cfg0.5.wav,mq_evaluation/session_02/mq_session02_sample04_sori_adv_cfg0.5.wav
MQ,2,5,sori,1.0,000301_-qxw8nbLj_0_300k_sori_1.0.wav,mq_session02_sample05_sori_adv_cfg1.0.wav,mq_evaluation/session_02/mq_session02_sample05_sori_adv_cfg1.0.wav
MQ,2,6,sori,2.0,000301_-qxw8nbLj_0_300k_sori_2.0.wav,mq_session02_sample06_sori_adv_cfg2.0.wav,mq_evaluation/session_02/mq_session02_sample06_sori_adv_cfg2.0.wav
MQ,2,7,sori,3.0,000301_-qxw8nbLj_0_300k_sori_3.0.wav,mq_session02_sample07_sori_adv_cfg3.0.wav,mq_evaluation/session_02/mq_session02_sample07_sori_adv_cfg3.0.wav
MQ,2,8,sori_no_adv,0.0,000301_-qxw8nbLj_0_300k_sori_no_adv_0.0.wav,mq_session02_sample08_sori_noadv_cfg0.0.wav,mq_evaluation/session_02/mq_session02_sample08_sori_noadv_cfg0.0.wav
MQ,2,9,sori_no_adv,0.5,000301_-qxw8nbLj_0_300k_sori_no_adv_0.5.wav,mq_session02_sample09_sori_noadv_cfg0.5.wav,mq_evaluation/session_02/mq_session02_sample09_sori_noadv_cfg0.5.wav
MQ,2,10,sori_no_adv,1.0,000301_-qxw8nbLj_0_300k_sori_no_adv_1.0.wav,mq_session02_sample10_sori_noadv_cfg1.0.wav,mq_evaluation/session_02/mq_session02_sample10_sori_noadv_cfg1.0.wav
MQ,2,11,sori_no_adv,2.0,000301_-qxw8nbLj_0_300k_sori_no_adv_2.0.wav,mq_session02_sample11_sori_noadv_cfg2.0.wav,mq_evaluation/session_02/mq_session02_sample11_sori_noadv_cfg2.0.wav
MQ,2,12,sori_no_adv,3.0,000301_-qxw8nbLj_0_300k_sori_no_adv_3.0.wav,mq_session02_sample12_sori_noadv_cfg3.0.wav,mq_evaluation/session_02/mq_session02_sample12_sori_noadv_cfg3.0.wav
MQ,2,13,tt,N/A,000301_-qxw8nbLj_0_tt.wav,mq_session02_sample13_baseline_timbre_trap.wav,mq_evaluation/session_02/mq_session02_sample13_baseline_timbre_trap.wav
MQ,3,1,bp,N/A,000315_-tpq_bzSKes_bp.wav,mq_session03_sample01_baseline_basic_pitch.wav,mq_evaluation/session_03/mq_session03_sample01_baseline_basic_pitch.wav
MQ,3,2,ds,N/A,000315_-tpq_bzSKes_ds.wav,mq_session03_sample02_baseline_deep_salience.wav,mq_evaluation/session_03/mq_session03_sample02_baseline_deep_salience.wav
MQ,3,3,sori,0.0,000315_-tpq_bzSKes_300k_sori_0.0.wav,mq_session03_sample03_sori_adv_cfg0.0.wav,mq_evaluation/session_03/mq_session03_sample03_sori_adv_cfg0.0.wav
MQ,3,4,sori,0.5,000315_-tpq_bzSKes_300k_sori_0.5.wav,mq_session03_sample04_sori_adv_cfg0.5.wav,mq_evaluation/session_03/mq_session03_sample04_sori_adv_cfg0.5.wav
MQ,3,5,sori,1.0,000315_-tpq_bzSKes_300k_sori_1.0.wav,mq_session03_sample05_sori_adv_cfg1.0.wav,mq_evaluation/session_03/mq_session03_sample05_sori_adv_cfg1.0.wav
MQ,3,6,sori,2.0,000315_-tpq_bzSKes_300k_sori_2.0.wav,mq_session03_sample06_sori_adv_cfg2.0.wav,mq_evaluation/session_03/mq_session03_sample06_sori_adv_cfg2.0.wav
MQ,3,7,sori,3.0,000315_-tpq_bzSKes_300k_sori_3.0.wav,mq_session03_sample07_sori_adv_cfg3.0.wav,mq_evaluation/session_03/mq_session03_sample07_sori_adv_cfg3.0.wav
MQ,3,8,sori_no_adv,0.0,000315_-tpq_bzSKes_300k_sori_no_adv_0.0.wav,mq_session03_sample08_sori_noadv_cfg0.0.wav,mq_evaluation/session_03/mq_session03_sample08_sori_noadv_cfg0.0.wav
MQ,3,9,sori_no_adv,0.5,000315_-tpq_bzSKes_300k_sori_no_adv_0.5.wav,mq_session03_sample09_sori_noadv_cfg0.5.wav,mq_evaluation/session_03/mq_session03_sample09_sori_noadv_cfg0.5.wav
MQ,3,10,sori_no_adv,1.0,000315_-tpq_bzSKes_300k_sori_no_adv_1.0.wav,mq_session03_sample10_sori_noadv_cfg1.0.wav,mq_evaluation/session_03/mq_session03_sample10_sori_noadv_cfg1.0.wav
MQ,3,11,sori_no_adv,2.0,000315_-tpq_bzSKes_300k_sori_no_adv_2.0.wav,mq_session03_sample11_sori_noadv_cfg2.0.wav,mq_evaluation/session_03/mq_session03_sample11_sori_noadv_cfg2.0.wav
MQ,3,12,sori_no_adv,3.0,000315_-tpq_bzSKes_300k_sori_no_adv_3.0.wav,mq_session03_sample12_sori_noadv_cfg3.0.wav,mq_evaluation/session_03/mq_session03_sample12_sori_noadv_cfg3.0.wav
MQ,3,13,tt,N/A,000315_-tpq_bzSKes_tt.wav,mq_session03_sample13_baseline_timbre_trap.wav,mq_evaluation/session_03/mq_session03_sample13_baseline_timbre_trap.wav
MQ,4,1,bp,N/A,000318_-vBj0PZ1RF0_bp.wav,mq_session04_sample01_baseline_basic_pitch.wav,mq_evaluation/session_04/mq_session04_sample01_baseline_basic_pitch.wav
MQ,4,2,ds,N/A,000318_-vBj0PZ1RF0_ds.wav,mq_session04_sample02_baseline_deep_salience.wav,mq_evaluation/session_04/mq_session04_sample02_baseline_deep_salience.wav
MQ,4,3,sori,0.0,000318_-vBj0PZ1RF0_300k_sori_0.0.wav,mq_session04_sample03_sori_adv_cfg0.0.wav,mq_evaluation/session_04/mq_session04_sample03_sori_adv_cfg0.0.wav
MQ,4,4,sori,0.5,000318_-vBj0PZ1RF0_300k_sori_0.5.wav,mq_session04_sample04_sori_adv_cfg0.5.wav,mq_evaluation/session_04/mq_session04_sample04_sori_adv_cfg0.5.wav
MQ,4,5,sori,1.0,000318_-vBj0PZ1RF0_300k_sori_1.0.wav,mq_session04_sample05_sori_adv_cfg1.0.wav,mq_evaluation/session_04/mq_session04_sample05_sori_adv_cfg1.0.wav
MQ,4,6,sori,2.0,000318_-vBj0PZ1RF0_300k_sori_2.0.wav,mq_session04_sample06_sori_adv_cfg2.0.wav,mq_evaluation/session_04/mq_session04_sample06_sori_adv_cfg2.0.wav
MQ,4,7,sori,3.0,000318_-vBj0PZ1RF0_300k_sori_3.0.wav,mq_session04_sample07_sori_adv_cfg3.0.wav,mq_evaluation/session_04/mq_session04_sample07_sori_adv_cfg3.0.wav
MQ,4,8,sori_no_adv,0.0,000318_-vBj0PZ1RF0_300k_sori_no_adv_0.0.wav,mq_session04_sample08_sori_noadv_cfg0.0.wav,mq_evaluation/session_04/mq_session04_sample08_sori_noadv_cfg0.0.wav
MQ,4,9,sori_no_adv,0.5,000318_-vBj0PZ1RF0_300k_sori_no_adv_0.5.wav,mq_session04_sample09_sori_noadv_cfg0.5.wav,mq_evaluation/session_04/mq_session04_sample09_sori_noadv_cfg0.5.wav
MQ,4,10,sori_no_adv,1.0,000318_-vBj0PZ1RF0_300k_sori_no_adv_1.0.wav,mq_session04_sample10_sori_noadv_cfg1.0.wav,mq_evaluation/session_04/mq_session04_sample10_sori_noadv_cfg1.0.wav
MQ,4,11,sori_no_adv,2.0,000318_-vBj0PZ1RF0_300k_sori_no_adv_2.0.wav,mq_session04_sample11_sori_noadv_cfg2.0.wav,mq_evaluation/session_04/mq_session04_sample11_sori_noadv_cfg2.0.wav
MQ,4,12,sori_no_adv,3.0,000318_-vBj0PZ1RF0_300k_sori_no_adv_3.0.wav,mq_session04_sample12_sori_noadv_cfg3.0.wav,mq_evaluation/session_04/mq_session04_sample12_sori_noadv_cfg3.0.wav
MQ,4,13,tt,N/A,000318_-vBj0PZ1RF0_tt.wav,mq_session04_sample13_baseline_timbre_trap.wav,mq_evaluation/session_04/mq_session04_sample13_baseline_timbre_trap.wav
MQ,5,1,bp,N/A,000326_-wiXdIMwM-I_bp.wav,mq_session05_sample01_baseline_basic_pitch.wav,mq_evaluation/session_05/mq_session05_sample01_baseline_basic_pitch.wav
MQ,5,2,ds,N/A,000326_-wiXdIMwM-I_ds.wav,mq_session05_sample02_baseline_deep_salience.wav,mq_evaluation/session_05/mq_session05_sample02_baseline_deep_salience.wav
MQ,5,3,sori,0.0,000326_-wiXdIMwM-I_300k_sori_0.0.wav,mq_session05_sample03_sori_adv_cfg0.0.wav,mq_evaluation/session_05/mq_session05_sample03_sori_adv_cfg0.0.wav
MQ,5,4,sori,0.5,000326_-wiXdIMwM-I_300k_sori_0.5.wav,mq_session05_sample04_sori_adv_cfg0.5.wav,mq_evaluation/session_05/mq_session05_sample04_sori_adv_cfg0.5.wav
MQ,5,5,sori,1.0,000326_-wiXdIMwM-I_300k_sori_1.0.wav,mq_session05_sample05_sori_adv_cfg1.0.wav,mq_evaluation/session_05/mq_session05_sample05_sori_adv_cfg1.0.wav
MQ,5,6,sori,2.0,000326_-wiXdIMwM-I_300k_sori_2.0.wav,mq_session05_sample06_sori_adv_cfg2.0.wav,mq_evaluation/session_05/mq_session05_sample06_sori_adv_cfg2.0.wav
MQ,5,7,sori,3.0,000326_-wiXdIMwM-I_300k_sori_3.0.wav,mq_session05_sample07_sori_adv_cfg3.0.wav,mq_evaluation/session_05/mq_session05_sample07_sori_adv_cfg3.0.wav
MQ,5,8,sori_no_adv,0.0,000326_-wiXdIMwM-I_300k_sori_no_adv_0.0.wav,mq_session05_sample08_sori_noadv_cfg0.0.wav,mq_evaluation/session_05/mq_session05_sample08_sori_noadv_cfg0.0.wav
MQ,5,9,sori_no_adv,0.5,000326_-wiXdIMwM-I_300k_sori_no_adv_0.5.wav,mq_session05_sample09_sori_noadv_cfg0.5.wav,mq_evaluation/session_05/mq_session05_sample09_sori_noadv_cfg0.5.wav
MQ,5,10,sori_no_adv,1.0,000326_-wiXdIMwM-I_300k_sori_no_adv_1.0.wav,mq_session05_sample10_sori_noadv_cfg1.0.wav,mq_evaluation/session_05/mq_session05_sample10_sori_noadv_cfg1.0.wav
MQ,5,11,sori_no_adv,2.0,000326_-wiXdIMwM-I_300k_sori_no_adv_2.0.wav,mq_session05_sample11_sori_noadv_cfg2.0.wav,mq_evaluation/session_05/mq_session05_sample11_sori_noadv_cfg2.0.wav
MQ,5,12,sori_no_adv,3.0,000326_-wiXdIMwM-I_300k_sori_no_adv_3.0.wav,mq_session05_sample12_sori_noadv_cfg3.0.wav,mq_evaluation/session_05/mq_session05_sample12_sori_noadv_cfg3.0.wav
MQ,5,13,tt,N/A,000326_-wiXdIMwM-I_tt.wav,mq_session05_sample13_baseline_timbre_trap.wav,mq_evaluation/session_05/mq_session05_sample13_baseline_timbre_trap.wav
MQ,6,1,bp,N/A,000331_-xfgovG6-KU_bp.wav,mq_session06_sample01_baseline_basic_pitch.wav,mq_evaluation/session_06/mq_session06_sample01_baseline_basic_pitch.wav
MQ,6,2,ds,N/A,000331_-xfgovG6-KU_ds.wav,mq_session06_sample02_baseline_deep_salience.wav,mq_evaluation/session_06/mq_session06_sample02_baseline_deep_salience.wav
MQ,6,3,sori,0.0,000331_-xfgovG6-KU_300k_sori_0.0.wav,mq_session06_sample03_sori_adv_cfg0.0.wav,mq_evaluation/session_06/mq_session06_sample03_sori_adv_cfg0.0.wav
MQ,6,4,sori,0.5,000331_-xfgovG6-KU_300k_sori_0.5.wav,mq_session06_sample04_sori_adv_cfg0.5.wav,mq_evaluation/session_06/mq_session06_sample04_sori_adv_cfg0.5.wav
MQ,6,5,sori,1.0,000331_-xfgovG6-KU_300k_sori_1.0.wav,mq_session06_sample05_sori_adv_cfg1.0.wav,mq_evaluation/session_06/mq_session06_sample05_sori_adv_cfg1.0.wav
MQ,6,6,sori,2.0,000331_-xfgovG6-KU_300k_sori_2.0.wav,mq_session06_sample06_sori_adv_cfg2.0.wav,mq_evaluation/session_06/mq_session06_sample06_sori_adv_cfg2.0.wav
MQ,6,7,sori,3.0,000331_-xfgovG6-KU_300k_sori_3.0.wav,mq_session06_sample07_sori_adv_cfg3.0.wav,mq_evaluation/session_06/mq_session06_sample07_sori_adv_cfg3.0.wav
MQ,6,8,sori_no_adv,0.0,000331_-xfgovG6-KU_300k_sori_no_adv_0.0.wav,mq_session06_sample08_sori_noadv_cfg0.0.wav,mq_evaluation/session_06/mq_session06_sample08_sori_noadv_cfg0.0.wav
MQ,6,9,sori_no_adv,0.5,000331_-xfgovG6-KU_300k_sori_no_adv_0.5.wav,mq_session06_sample09_sori_noadv_cfg0.5.wav,mq_evaluation/session_06/mq_session06_sample09_sori_noadv_cfg0.5.wav
MQ,6,10,sori_no_adv,1.0,000331_-xfgovG6-KU_300k_sori_no_adv_1.0.wav,mq_session06_sample10_sori_noadv_cfg1.0.wav,mq_evaluation/session_06/mq_session06_sample10_sori_noadv_cfg1.0.wav
MQ,6,11,sori_no_adv,2.0,000331_-xfgovG6-KU_300k_sori_no_adv_2.0.wav,mq_session06_sample11_sori_noadv_cfg2.0.wav,mq_evaluation/session_06/mq_session06_sample11_sori_noadv_cfg2.0.wav
MQ,6,12,sori_no_adv,3.0,000331_-xfgovG6-KU_300k_sori_no_adv_3.0.wav,mq_session06_sample12_sori_noadv_cfg3.0.wav,mq_evaluation/session_06/mq_session06_sample12_sori_noadv_cfg3.0.wav
MQ,6,13,tt,N/A,000331_-xfgovG6-KU_tt.wav,mq_session06_sample13_baseline_timbre_trap.wav,mq_evaluation/session_06/mq_session06_sample13_baseline_timbre_trap.wav
MQ,7,1,bp,N/A,000407_09pZj6CEvRw_bp.wav,mq_session07_sample01_baseline_basic_pitch.wav,mq_evaluation/session_07/mq_session07_sample01_baseline_basic_pitch.wav
MQ,7,2,ds,N/A,000407_09pZj6CEvRw_ds.wav,mq_session07_sample02_baseline_deep_salience.wav,mq_evaluation/session_07/mq_session07_sample02_baseline_deep_salience.wav
MQ,7,3,sori,0.0,000407_09pZj6CEvRw_300k_sori_0.0.wav,mq_session07_sample03_sori_adv_cfg0.0.wav,mq_evaluation/session_07/mq_session07_sample03_sori_adv_cfg0.0.wav
MQ,7,4,sori,0.5,000407_09pZj6CEvRw_300k_sori_0.5.wav,mq_session07_sample04_sori_adv_cfg0.5.wav,mq_evaluation/session_07/mq_session07_sample04_sori_adv_cfg0.5.wav
MQ,7,5,sori,1.0,000407_09pZj6CEvRw_300k_sori_1.0.wav,mq_session07_sample05_sori_adv_cfg1.0.wav,mq_evaluation/session_07/mq_session07_sample05_sori_adv_cfg1.0.wav
MQ,7,6,sori,2.0,000407_09pZj6CEvRw_300k_sori_2.0.wav,mq_session07_sample06_sori_adv_cfg2.0.wav,mq_evaluation/session_07/mq_session07_sample06_sori_adv_cfg2.0.wav
MQ,7,7,sori,3.0,000407_09pZj6CEvRw_300k_sori_3.0.wav,mq_session07_sample07_sori_adv_cfg3.0.wav,mq_evaluation/session_07/mq_session07_sample07_sori_adv_cfg3.0.wav
MQ,7,8,sori_no_adv,0.0,000407_09pZj6CEvRw_300k_sori_no_adv_0.0.wav,mq_session07_sample08_sori_noadv_cfg0.0.wav,mq_evaluation/session_07/mq_session07_sample08_sori_noadv_cfg0.0.wav
MQ,7,9,sori_no_adv,0.5,000407_09pZj6CEvRw_300k_sori_no_adv_0.5.wav,mq_session07_sample09_sori_noadv_cfg0.5.wav,mq_evaluation/session_07/mq_session07_sample09_sori_noadv_cfg0.5.wav
MQ,7,10,sori_no_adv,1.0,000407_09pZj6CEvRw_300k_sori_no_adv_1.0.wav,mq_session07_sample10_sori_noadv_cfg1.0.wav,mq_evaluation/session_07/mq_session07_sample10_sori_noadv_cfg1.0.wav
MQ,7,11,sori_no_adv,2.0,000407_09pZj6CEvRw_300k_sori_no_adv_2.0.wav,mq_session07_sample11_sori_noadv_cfg2.0.wav,mq_evaluation/session_07/mq_session07_sample11_sori_noadv_cfg2.0.wav
MQ,7,12,sori_no_adv,3.0,000407_09pZj6CEvRw_300k_sori_no_adv_3.0.wav,mq_session07_sample12_sori_noadv_cfg3.0.wav,mq_evaluation/session_07/mq_session07_sample12_sori_noadv_cfg3.0.wav
MQ,7,13,tt,N/A,000407_09pZj6CEvRw_tt.wav,mq_session07_sample13_baseline_timbre_trap.wav,mq_evaluation/session_07/mq_session07_sample13_baseline_timbre_trap.wav
MQ,8,1,bp,N/A,000414_0B7fwvTtvLM_bp.wav,mq_session08_sample01_baseline_basic_pitch.wav,mq_evaluation/session_08/mq_session08_sample01_baseline_basic_pitch.wav
MQ,8,2,ds,N/A,000414_0B7fwvTtvLM_ds.wav,mq_session08_sample02_baseline_deep_salience.wav,mq_evaluation/session_08/mq_session08_sample02_baseline_deep_salience.wav
MQ,8,3,sori,0.0,000414_0B7fwvTtvLM_300k_sori_0.0.wav,mq_session08_sample03_sori_adv_cfg0.0.wav,mq_evaluation/session_08/mq_session08_sample03_sori_adv_cfg0.0.wav
MQ,8,4,sori,0.5,000414_0B7fwvTtvLM_300k_sori_0.5.wav,mq_session08_sample04_sori_adv_cfg0.5.wav,mq_evaluation/session_08/mq_session08_sample04_sori_adv_cfg0.5.wav
MQ,8,5,sori,1.0,000414_0B7fwvTtvLM_300k_sori_1.0.wav,mq_session08_sample05_sori_adv_cfg1.0.wav,mq_evaluation/session_08/mq_session08_sample05_sori_adv_cfg1.0.wav
MQ,8,6,sori,2.0,000414_0B7fwvTtvLM_300k_sori_2.0.wav,mq_session08_sample06_sori_adv_cfg2.0.wav,mq_evaluation/session_08/mq_session08_sample06_sori_adv_cfg2.0.wav
MQ,8,7,sori,3.0,000414_0B7fwvTtvLM_300k_sori_3.0.wav,mq_session08_sample07_sori_adv_cfg3.0.wav,mq_evaluation/session_08/mq_session08_sample07_sori_adv_cfg3.0.wav
MQ,8,8,sori_no_adv,0.0,000414_0B7fwvTtvLM_300k_sori_no_adv_0.0.wav,mq_session08_sample08_sori_noadv_cfg0.0.wav,mq_evaluation/session_08/mq_session08_sample08_sori_noadv_cfg0.0.wav
MQ,8,9,sori_no_adv,0.5,000414_0B7fwvTtvLM_300k_sori_no_adv_0.5.wav,mq_session08_sample09_sori_noadv_cfg0.5.wav,mq_evaluation/session_08/mq_session08_sample09_sori_noadv_cfg0.5.wav
MQ,8,10,sori_no_adv,1.0,000414_0B7fwvTtvLM_300k_sori_no_adv_1.0.wav,mq_session08_sample10_sori_noadv_cfg1.0.wav,mq_evaluation/session_08/mq_session08_sample10_sori_noadv_cfg1.0.wav
MQ,8,11,sori_no_adv,2.0,000414_0B7fwvTtvLM_300k_sori_no_adv_2.0.wav,mq_session08_sample11_sori_noadv_cfg2.0.wav,mq_evaluation/session_08/mq_session08_sample11_sori_noadv_cfg2.0.wav
MQ,8,12,sori_no_adv,3.0,000414_0B7fwvTtvLM_300k_sori_no_adv_3.0.wav,mq_session08_sample12_sori_noadv_cfg3.0.wav,mq_evaluation/session_08/mq_session08_sample12_sori_noadv_cfg3.0.wav
MQ,8,13,tt,N/A,000414_0B7fwvTtvLM_tt.wav,mq_session08_sample13_baseline_timbre_trap.wav,mq_evaluation/session_08/mq_session08_sample13_baseline_timbre_trap.wav
MQ,9,1,bp,N/A,000432_0EOQco76eXQ_bp.wav,mq_session09_sample01_baseline_basic_pitch.wav,mq_evaluation/session_09/mq_session09_sample01_baseline_basic_pitch.wav
MQ,9,2,ds,N/A,000432_0EOQco76eXQ_ds.wav,mq_session09_sample02_baseline_deep_salience.wav,mq_evaluation/session_09/mq_session09_sample02_baseline_deep_salience.wav
MQ,9,3,sori,0.0,000432_0EOQco76eXQ_300k_sori_0.0.wav,mq_session09_sample03_sori_adv_cfg0.0.wav,mq_evaluation/session_09/mq_session09_sample03_sori_adv_cfg0.0.wav
MQ,9,4,sori,0.5,000432_0EOQco76eXQ_300k_sori_0.5.wav,mq_session09_sample04_sori_adv_cfg0.5.wav,mq_evaluation/session_09/mq_session09_sample04_sori_adv_cfg0.5.wav
MQ,9,5,sori,1.0,000432_0EOQco76eXQ_300k_sori_1.0.wav,mq_session09_sample05_sori_adv_cfg1.0.wav,mq_evaluation/session_09/mq_session09_sample05_sori_adv_cfg1.0.wav
MQ,9,6,sori,2.0,000432_0EOQco76eXQ_300k_sori_2.0.wav,mq_session09_sample06_sori_adv_cfg2.0.wav,mq_evaluation/session_09/mq_session09_sample06_sori_adv_cfg2.0.wav
MQ,9,7,sori,3.0,000432_0EOQco76eXQ_300k_sori_3.0.wav,mq_session09_sample07_sori_adv_cfg3.0.wav,mq_evaluation/session_09/mq_session09_sample07_sori_adv_cfg3.0.wav
MQ,9,8,sori_no_adv,0.0,000432_0EOQco76eXQ_300k_sori_no_adv_0.0.wav,mq_session09_sample08_sori_noadv_cfg0.0.wav,mq_evaluation/session_09/mq_session09_sample08_sori_noadv_cfg0.0.wav
MQ,9,9,sori_no_adv,0.5,000432_0EOQco76eXQ_300k_sori_no_adv_0.5.wav,mq_session09_sample09_sori_noadv_cfg0.5.wav,mq_evaluation/session_09/mq_session09_sample09_sori_noadv_cfg0.5.wav
MQ,9,10,sori_no_adv,1.0,000432_0EOQco76eXQ_300k_sori_no_adv_1.0.wav,mq_session09_sample10_sori_noadv_cfg1.0.wav,mq_evaluation/session_09/mq_session09_sample10_sori_noadv_cfg1.0.wav
MQ,9,11,sori_no_adv,2.0,000432_0EOQco76eXQ_300k_sori_no_adv_2.0.wav,mq_session09_sample11_sori_noadv_cfg2.0.wav,mq_evaluation/session_09/mq_session09_sample11_sori_noadv_cfg2.0.wav
MQ,9,12,sori_no_adv,3.0,000432_0EOQco76eXQ_300k_sori_no_adv_3.0.wav,mq_session09_sample12_sori_noadv_cfg3.0.wav,mq_evaluation/session_09/mq_session09_sample12_sori_noadv_cfg3.0.wav
MQ,9,13,tt,N/A,000432_0EOQco76eXQ_tt.wav,mq_session09_sample13_baseline_timbre_trap.wav,mq_evaluation/session_09/mq_session09_sample13_baseline_timbre_trap.wav
MQ,10,1,bp,N/A,000460_0J_TdiZ3TKA_bp.wav,mq_session10_sample01_baseline_basic_pitch.wav,mq_evaluation/session_10/mq_session10_sample01_baseline_basic_pitch.wav
MQ,10,2,ds,N/A,000460_0J_TdiZ3TKA_ds.wav,mq_session10_sample02_baseline_deep_salience.wav,mq_evaluation/session_10/mq_session10_sample02_baseline_deep_salience.wav
MQ,10,3,sori,0.0,000460_0J_TdiZ3TKA_300k_sori_0.0.wav,mq_session10_sample03_sori_adv_cfg0.0.wav,mq_evaluation/session_10/mq_session10_sample03_sori_adv_cfg0.0.wav
MQ,10,4,sori,0.5,000460_0J_TdiZ3TKA_300k_sori_0.5.wav,mq_session10_sample04_sori_adv_cfg0.5.wav,mq_evaluation/session_10/mq_session10_sample04_sori_adv_cfg0.5.wav
MQ,10,5,sori,1.0,000460_0J_TdiZ3TKA_300k_sori_1.0.wav,mq_session10_sample05_sori_adv_cfg1.0.wav,mq_evaluation/session_10/mq_session10_sample05_sori_adv_cfg1.0.wav
MQ,10,6,sori,2.0,000460_0J_TdiZ3TKA_300k_sori_2.0.wav,mq_session10_sample06_sori_adv_cfg2.0.wav,mq_evaluation/session_10/mq_session10_sample06_sori_adv_cfg2.0.wav
MQ,10,7,sori,3.0,000460_0J_TdiZ3TKA_300k_sori_3.0.wav,mq_session10_sample07_sori_adv_cfg3.0.wav,mq_evaluation/session_10/mq_session10_sample07_sori_adv_cfg3.0.wav
MQ,10,8,sori_no_adv,0.0,000460_0J_TdiZ3TKA_300k_sori_no_adv_0.0.wav,mq_session10_sample08_sori_noadv_cfg0.0.wav,mq_evaluation/session_10/mq_session10_sample08_sori_noadv_cfg0.0.wav
MQ,10,9,sori_no_adv,0.5,000460_0J_TdiZ3TKA_300k_sori_no_adv_0.5.wav,mq_session10_sample09_sori_noadv_cfg0.5.wav,mq_evaluation/session_10/mq_session10_sample09_sori_noadv_cfg0.5.wav
MQ,10,10,sori_no_adv,1.0,000460_0J_TdiZ3TKA_300k_sori_no_adv_1.0.wav,mq_session10_sample10_sori_noadv_cfg1.0.wav,mq_evaluation/session_10/mq_session10_sample10_sori_noadv_cfg1.0.wav
MQ,10,11,sori_no_adv,2.0,000460_0J_TdiZ3TKA_300k_sori_no_adv_2.0.wav,mq_session10_sample11_sori_noadv_cfg2.0.wav,mq_evaluation/session_10/mq_session10_sample11_sori_noadv_cfg2.0.wav
MQ,10,12,sori_no_adv,3.0,000460_0J_TdiZ3TKA_300k_sori_no_adv_3.0.wav,mq_session10_sample12_sori_noadv_cfg3.0.wav,mq_evaluation/session_10/mq_session10_sample12_sori_noadv_cfg3.0.wav
MQ,10,13,tt,N/A,000460_0J_TdiZ3TKA_tt.wav,mq_session10_sample13_baseline_timbre_trap.wav,mq_evaluation/session_10/mq_session10_sample13_baseline_timbre_trap.wav
MQ,11,1,bp,N/A,000468_0L2ndtt60Q8_bp.wav,mq_session11_sample01_baseline_basic_pitch.wav,mq_evaluation/session_11/mq_session11_sample01_baseline_basic_pitch.wav
MQ,11,2,ds,N/A,000468_0L2ndtt60Q8_ds.wav,mq_session11_sample02_baseline_deep_salience.wav,mq_evaluation/session_11/mq_session11_sample02_baseline_deep_salience.wav
MQ,11,3,sori,0.0,000468_0L2ndtt60Q8_300k_sori_0.0.wav,mq_session11_sample03_sori_adv_cfg0.0.wav,mq_evaluation/session_11/mq_session11_sample03_sori_adv_cfg0.0.wav
MQ,11,4,sori,0.5,000468_0L2ndtt60Q8_300k_sori_0.5.wav,mq_session11_sample04_sori_adv_cfg0.5.wav,mq_evaluation/session_11/mq_session11_sample04_sori_adv_cfg0.5.wav
MQ,11,5,sori,1.0,000468_0L2ndtt60Q8_300k_sori_1.0.wav,mq_session11_sample05_sori_adv_cfg1.0.wav,mq_evaluation/session_11/mq_session11_sample05_sori_adv_cfg1.0.wav
MQ,11,6,sori,2.0,000468_0L2ndtt60Q8_300k_sori_2.0.wav,mq_session11_sample06_sori_adv_cfg2.0.wav,mq_evaluation/session_11/mq_session11_sample06_sori_adv_cfg2.0.wav
MQ,11,7,sori,3.0,000468_0L2ndtt60Q8_300k_sori_3.0.wav,mq_session11_sample07_sori_adv_cfg3.0.wav,mq_evaluation/session_11/mq_session11_sample07_sori_adv_cfg3.0.wav
MQ,11,8,sori_no_adv,0.0,000468_0L2ndtt60Q8_300k_sori_no_adv_0.0.wav,mq_session11_sample08_sori_noadv_cfg0.0.wav,mq_evaluation/session_11/mq_session11_sample08_sori_noadv_cfg0.0.wav
MQ,11,9,sori_no_adv,0.5,000468_0L2ndtt60Q8_300k_sori_no_adv_0.5.wav,mq_session11_sample09_sori_noadv_cfg0.5.wav,mq_evaluation/session_11/mq_session11_sample09_sori_noadv_cfg0.5.wav
MQ,11,10,sori_no_adv,1.0,000468_0L2ndtt60Q8_300k_sori_no_adv_1.0.wav,mq_session11_sample10_sori_noadv_cfg1.0.wav,mq_evaluation/session_11/mq_session11_sample10_sori_noadv_cfg1.0.wav
MQ,11,11,sori_no_adv,2.0,000468_0L2ndtt60Q8_300k_sori_no_adv_2.0.wav,mq_session11_sample11_sori_noadv_cfg2.0.wav,mq_evaluation/session_11/mq_session11_sample11_sori_noadv_cfg2.0.wav
MQ,11,12,sori_no_adv,3.0,000468_0L2ndtt60Q8_300k_sori_no_adv_3.0.wav,mq_session11_sample12_sori_noadv_cfg3.0.wav,mq_evaluation/session_11/mq_session11_sample12_sori_noadv_cfg3.0.wav
MQ,11,13,tt,N/A,000468_0L2ndtt60Q8_tt.wav,mq_session11_sample13_baseline_timbre_trap.wav,mq_evaluation/session_11/mq_session11_sample13_baseline_timbre_trap.wav
MQ,12,1,bp,N/A,000482_0N9EN0BEjP0_bp.wav,mq_session12_sample01_baseline_basic_pitch.wav,mq_evaluation/session_12/mq_session12_sample01_baseline_basic_pitch.wav
MQ,12,2,ds,N/A,000482_0N9EN0BEjP0_ds.wav,mq_session12_sample02_baseline_deep_salience.wav,mq_evaluation/session_12/mq_session12_sample02_baseline_deep_salience.wav
MQ,12,3,sori,0.0,000482_0N9EN0BEjP0_300k_sori_0.0.wav,mq_session12_sample03_sori_adv_cfg0.0.wav,mq_evaluation/session_12/mq_session12_sample03_sori_adv_cfg0.0.wav
MQ,12,4,sori,0.5,000482_0N9EN0BEjP0_300k_sori_0.5.wav,mq_session12_sample04_sori_adv_cfg0.5.wav,mq_evaluation/session_12/mq_session12_sample04_sori_adv_cfg0.5.wav
MQ,12,5,sori,1.0,000482_0N9EN0BEjP0_300k_sori_1.0.wav,mq_session12_sample05_sori_adv_cfg1.0.wav,mq_evaluation/session_12/mq_session12_sample05_sori_adv_cfg1.0.wav
MQ,12,6,sori,2.0,000482_0N9EN0BEjP0_300k_sori_2.0.wav,mq_session12_sample06_sori_adv_cfg2.0.wav,mq_evaluation/session_12/mq_session12_sample06_sori_adv_cfg2.0.wav
MQ,12,7,sori,3.0,000482_0N9EN0BEjP0_300k_sori_3.0.wav,mq_session12_sample07_sori_adv_cfg3.0.wav,mq_evaluation/session_12/mq_session12_sample07_sori_adv_cfg3.0.wav
MQ,12,8,sori_no_adv,0.0,000482_0N9EN0BEjP0_300k_sori_no_adv_0.0.wav,mq_session12_sample08_sori_noadv_cfg0.0.wav,mq_evaluation/session_12/mq_session12_sample08_sori_noadv_cfg0.0.wav
MQ,12,9,sori_no_adv,0.5,000482_0N9EN0BEjP0_300k_sori_no_adv_0.5.wav,mq_session12_sample09_sori_noadv_cfg0.5.wav,mq_evaluation/session_12/mq_session12_sample09_sori_noadv_cfg0.5.wav
MQ,12,10,sori_no_adv,1.0,000482_0N9EN0BEjP0_300k_sori_no_adv_1.0.wav,mq_session12_sample10_sori_noadv_cfg1.0.wav,mq_evaluation/session_12/mq_session12_sample10_sori_noadv_cfg1.0.wav
MQ,12,11,sori_no_adv,2.0,000482_0N9EN0BEjP0_300k_sori_no_adv_2.0.wav,mq_session12_sample11_sori_noadv_cfg2.0.wav,mq_evaluation/session_12/mq_session12_sample11_sori_noadv_cfg2.0.wav
MQ,12,12,sori_no_adv,3.0,000482_0N9EN0BEjP0_300k_sori_no_adv_3.0.wav,mq_session12_sample12_sori_noadv_cfg3.0.wav,mq_evaluation/session_12/mq_session12_sample12_sori_noadv_cfg3.0.wav
MQ,12,13,tt,N/A,000482_0N9EN0BEjP0_tt.wav,mq_session12_sample13_baseline_timbre_trap.wav,mq_evaluation/session_12/mq_session12_sample13_baseline_timbre_trap.wav
MQ,13,1,bp,N/A,000484_0NW8rsCj6xQ_bp.wav,mq_session13_sample01_baseline_basic_pitch.wav,mq_evaluation/session_13/mq_session13_sample01_baseline_basic_pitch.wav
MQ,13,2,ds,N/A,000484_0NW8rsCj6xQ_ds.wav,mq_session13_sample02_baseline_deep_salience.wav,mq_evaluation/session_13/mq_session13_sample02_baseline_deep_salience.wav
MQ,13,3,sori,0.0,000484_0NW8rsCj6xQ_300k_sori_0.0.wav,mq_session13_sample03_sori_adv_cfg0.0.wav,mq_evaluation/session_13/mq_session13_sample03_sori_adv_cfg0.0.wav
MQ,13,4,sori,0.5,000484_0NW8rsCj6xQ_300k_sori_0.5.wav,mq_session13_sample04_sori_adv_cfg0.5.wav,mq_evaluation/session_13/mq_session13_sample04_sori_adv_cfg0.5.wav
MQ,13,5,sori,1.0,000484_0NW8rsCj6xQ_300k_sori_1.0.wav,mq_session13_sample05_sori_adv_cfg1.0.wav,mq_evaluation/session_13/mq_session13_sample05_sori_adv_cfg1.0.wav
MQ,13,6,sori,2.0,000484_0NW8rsCj6xQ_300k_sori_2.0.wav,mq_session13_sample06_sori_adv_cfg2.0.wav,mq_evaluation/session_13/mq_session13_sample06_sori_adv_cfg2.0.wav
MQ,13,7,sori,3.0,000484_0NW8rsCj6xQ_300k_sori_3.0.wav,mq_session13_sample07_sori_adv_cfg3.0.wav,mq_evaluation/session_13/mq_session13_sample07_sori_adv_cfg3.0.wav
MQ,13,8,sori_no_adv,0.0,000484_0NW8rsCj6xQ_300k_sori_no_adv_0.0.wav,mq_session13_sample08_sori_noadv_cfg0.0.wav,mq_evaluation/session_13/mq_session13_sample08_sori_noadv_cfg0.0.wav
MQ,13,9,sori_no_adv,0.5,000484_0NW8rsCj6xQ_300k_sori_no_adv_0.5.wav,mq_session13_sample09_sori_noadv_cfg0.5.wav,mq_evaluation/session_13/mq_session13_sample09_sori_noadv_cfg0.5.wav
MQ,13,10,sori_no_adv,1.0,000484_0NW8rsCj6xQ_300k_sori_no_adv_1.0.wav,mq_session13_sample10_sori_noadv_cfg1.0.wav,mq_evaluation/session_13/mq_session13_sample10_sori_noadv_cfg1.0.wav
MQ,13,11,sori_no_adv,2.0,000484_0NW8rsCj6xQ_300k_sori_no_adv_2.0.wav,mq_session13_sample11_sori_noadv_cfg2.0.wav,mq_evaluation/session_13/mq_session13_sample11_sori_noadv_cfg2.0.wav
MQ,13,12,sori_no_adv,3.0,000484_0NW8rsCj6xQ_300k_sori_no_adv_3.0.wav,mq_session13_sample12_sori_noadv_cfg3.0.wav,mq_evaluation/session_13/mq_session13_sample12_sori_noadv_cfg3.0.wav
MQ,13,13,tt,N/A,000484_0NW8rsCj6xQ_tt.wav,mq_session13_sample13_baseline_timbre_trap.wav,mq_evaluation/session_13/mq_session13_sample13_baseline_timbre_trap.wav
MQ,14,1,bp,N/A,000500_0QdEYUt4LL8_bp.wav,mq_session14_sample01_baseline_basic_pitch.wav,mq_evaluation/session_14/mq_session14_sample01_baseline_basic_pitch.wav
MQ,14,2,ds,N/A,000500_0QdEYUt4LL8_ds.wav,mq_session14_sample02_baseline_deep_salience.wav,mq_evaluation/session_14/mq_session14_sample02_baseline_deep_salience.wav
MQ,14,3,sori,0.0,000500_0QdEYUt4LL8_300k_sori_0.0.wav,mq_session14_sample03_sori_adv_cfg0.0.wav,mq_evaluation/session_14/mq_session14_sample03_sori_adv_cfg0.0.wav
MQ,14,4,sori,0.5,000500_0QdEYUt4LL8_300k_sori_0.5.wav,mq_session14_sample04_sori_adv_cfg0.5.wav,mq_evaluation/session_14/mq_session14_sample04_sori_adv_cfg0.5.wav
MQ,14,5,sori,1.0,000500_0QdEYUt4LL8_300k_sori_1.0.wav,mq_session14_sample05_sori_adv_cfg1.0.wav,mq_evaluation/session_14/mq_session14_sample05_sori_adv_cfg1.0.wav
MQ,14,6,sori,2.0,000500_0QdEYUt4LL8_300k_sori_2.0.wav,mq_session14_sample06_sori_adv_cfg2.0.wav,mq_evaluation/session_14/mq_session14_sample06_sori_adv_cfg2.0.wav
MQ,14,7,sori,3.0,000500_0QdEYUt4LL8_300k_sori_3.0.wav,mq_session14_sample07_sori_adv_cfg3.0.wav,mq_evaluation/session_14/mq_session14_sample07_sori_adv_cfg3.0.wav
MQ,14,8,sori_no_adv,0.0,000500_0QdEYUt4LL8_300k_sori_no_adv_0.0.wav,mq_session14_sample08_sori_noadv_cfg0.0.wav,mq_evaluation/session_14/mq_session14_sample08_sori_noadv_cfg0.0.wav
MQ,14,9,sori_no_adv,0.5,000500_0QdEYUt4LL8_300k_sori_no_adv_0.5.wav,mq_session14_sample09_sori_noadv_cfg0.5.wav,mq_evaluation/session_14/mq_session14_sample09_sori_noadv_cfg0.5.wav
MQ,14,10,sori_no_adv,1.0,000500_0QdEYUt4LL8_300k_sori_no_adv_1.0.wav,mq_session14_sample10_sori_noadv_cfg1.0.wav,mq_evaluation/session_14/mq_session14_sample10_sori_noadv_cfg1.0.wav
MQ,14,11,sori_no_adv,2.0,000500_0QdEYUt4LL8_300k_sori_no_adv_2.0.wav,mq_session14_sample11_sori_noadv_cfg2.0.wav,mq_evaluation/session_14/mq_session14_sample11_sori_noadv_cfg2.0.wav
MQ,14,12,sori_no_adv,3.0,000500_0QdEYUt4LL8_300k_sori_no_adv_3.0.wav,mq_session14_sample12_sori_noadv_cfg3.0.wav,mq_evaluation/session_14/mq_session14_sample12_sori_noadv_cfg3.0.wav
MQ,14,13,tt,N/A,000500_0QdEYUt4LL8_tt.wav,mq_session14_sample13_baseline_timbre_trap.wav,mq_evaluation/session_14/mq_session14_sample13_baseline_timbre_trap.wav
MQ,15,1,bp,N/A,000507_0RcMzUdXDRQ_bp.wav,mq_session15_sample01_baseline_basic_pitch.wav,mq_evaluation/session_15/mq_session15_sample01_baseline_basic_pitch.wav
MQ,15,2,ds,N/A,000507_0RcMzUdXDRQ_ds.wav,mq_session15_sample02_baseline_deep_salience.wav,mq_evaluation/session_15/mq_session15_sample02_baseline_deep_salience.wav
MQ,15,3,sori,0.0,000507_0RcMzUdXDRQ_300k_sori_0.0.wav,mq_session15_sample03_sori_adv_cfg0.0.wav,mq_evaluation/session_15/mq_session15_sample03_sori_adv_cfg0.0.wav
MQ,15,4,sori,0.5,000507_0RcMzUdXDRQ_300k_sori_0.5.wav,mq_session15_sample04_sori_adv_cfg0.5.wav,mq_evaluation/session_15/mq_session15_sample04_sori_adv_cfg0.5.wav
MQ,15,5,sori,1.0,000507_0RcMzUdXDRQ_300k_sori_1.0.wav,mq_session15_sample05_sori_adv_cfg1.0.wav,mq_evaluation/session_15/mq_session15_sample05_sori_adv_cfg1.0.wav
MQ,15,6,sori,2.0,000507_0RcMzUdXDRQ_300k_sori_2.0.wav,mq_session15_sample06_sori_adv_cfg2.0.wav,mq_evaluation/session_15/mq_session15_sample06_sori_adv_cfg2.0.wav
MQ,15,7,sori,3.0,000507_0RcMzUdXDRQ_300k_sori_3.0.wav,mq_session15_sample07_sori_adv_cfg3.0.wav,mq_evaluation/session_15/mq_session15_sample07_sori_adv_cfg3.0.wav
MQ,15,8,sori_no_adv,0.0,000507_0RcMzUdXDRQ_300k_sori_no_adv_0.0.wav,mq_session15_sample08_sori_noadv_cfg0.0.wav,mq_evaluation/session_15/mq_session15_sample08_sori_noadv_cfg0.0.wav
MQ,15,9,sori_no_adv,0.5,000507_0RcMzUdXDRQ_300k_sori_no_adv_0.5.wav,mq_session15_sample09_sori_noadv_cfg0.5.wav,mq_evaluation/session_15/mq_session15_sample09_sori_noadv_cfg0.5.wav
MQ,15,10,sori_no_adv,1.0,000507_0RcMzUdXDRQ_300k_sori_no_adv_1.0.wav,mq_session15_sample10_sori_noadv_cfg1.0.wav,mq_evaluation/session_15/mq_session15_sample10_sori_noadv_cfg1.0.wav
MQ,15,11,sori_no_adv,2.0,000507_0RcMzUdXDRQ_300k_sori_no_adv_2.0.wav,mq_session15_sample11_sori_noadv_cfg2.0.wav,mq_evaluation/session_15/mq_session15_sample11_sori_noadv_cfg2.0.wav
MQ,15,12,sori_no_adv,3.0,000507_0RcMzUdXDRQ_300k_sori_no_adv_3.0.wav,mq_session15_sample12_sori_noadv_cfg3.0.wav,mq_evaluation/session_15/mq_session15_sample12_sori_noadv_cfg3.0.wav
MQ,15,13,tt,N/A,000507_0RcMzUdXDRQ_tt.wav,mq_session15_sample13_baseline_timbre_trap.wav,mq_evaluation/session_15/mq_session15_sample13_baseline_timbre_trap.wav
MQ,16,1,bp,N/A,000531_0W1sNicXboU_bp.wav,mq_session16_sample01_baseline_basic_pitch.wav,mq_evaluation/session_16/mq_session16_sample01_baseline_basic_pitch.wav
MQ,16,2,ds,N/A,000531_0W1sNicXboU_ds.wav,mq_session16_sample02_baseline_deep_salience.wav,mq_evaluation/session_16/mq_session16_sample02_baseline_deep_salience.wav
MQ,16,3,sori,0.0,000531_0W1sNicXboU_300k_sori_0.0.wav,mq_session16_sample03_sori_adv_cfg0.0.wav,mq_evaluation/session_16/mq_session16_sample03_sori_adv_cfg0.0.wav
MQ,16,4,sori,0.5,000531_0W1sNicXboU_300k_sori_0.5.wav,mq_session16_sample04_sori_adv_cfg0.5.wav,mq_evaluation/session_16/mq_session16_sample04_sori_adv_cfg0.5.wav
MQ,16,5,sori,1.0,000531_0W1sNicXboU_300k_sori_1.0.wav,mq_session16_sample05_sori_adv_cfg1.0.wav,mq_evaluation/session_16/mq_session16_sample05_sori_adv_cfg1.0.wav
MQ,16,6,sori,2.0,000531_0W1sNicXboU_300k_sori_2.0.wav,mq_session16_sample06_sori_adv_cfg2.0.wav,mq_evaluation/session_16/mq_session16_sample06_sori_adv_cfg2.0.wav
MQ,16,7,sori,3.0,000531_0W1sNicXboU_300k_sori_3.0.wav,mq_session16_sample07_sori_adv_cfg3.0.wav,mq_evaluation/session_16/mq_session16_sample07_sori_adv_cfg3.0.wav
MQ,16,8,sori_no_adv,0.0,000531_0W1sNicXboU_300k_sori_no_adv_0.0.wav,mq_session16_sample08_sori_noadv_cfg0.0.wav,mq_evaluation/session_16/mq_session16_sample08_sori_noadv_cfg0.0.wav
MQ,16,9,sori_no_adv,0.5,000531_0W1sNicXboU_300k_sori_no_adv_0.5.wav,mq_session16_sample09_sori_noadv_cfg0.5.wav,mq_evaluation/session_16/mq_session16_sample09_sori_noadv_cfg0.5.wav
MQ,16,10,sori_no_adv,1.0,000531_0W1sNicXboU_300k_sori_no_adv_1.0.wav,mq_session16_sample10_sori_noadv_cfg1.0.wav,mq_evaluation/session_16/mq_session16_sample10_sori_noadv_cfg1.0.wav
MQ,16,11,sori_no_adv,2.0,000531_0W1sNicXboU_300k_sori_no_adv_2.0.wav,mq_session16_sample11_sori_noadv_cfg2.0.wav,mq_evaluation/session_16/mq_session16_sample11_sori_noadv_cfg2.0.wav
MQ,16,12,sori_no_adv,3.0,000531_0W1sNicXboU_300k_sori_no_adv_3.0.wav,mq_session16_sample12_sori_noadv_cfg3.0.wav,mq_evaluation/session_16/mq_session16_sample12_sori_noadv_cfg3.0.wav
MQ,16,13,tt,N/A,000531_0W1sNicXboU_tt.wav,mq_session16_sample13_baseline_timbre_trap.wav,mq_evaluation/session_16/mq_session16_sample13_baseline_timbre_trap.wav
MQ,17,1,bp,N/A,000542_0Ycad70UNwE_bp.wav,mq_session17_sample01_baseline_basic_pitch.wav,mq_evaluation/session_17/mq_session17_sample01_baseline_basic_pitch.wav
MQ,17,2,ds,N/A,000542_0Ycad70UNwE_ds.wav,mq_session17_sample02_baseline_deep_salience.wav,mq_evaluation/session_17/mq_session17_sample02_baseline_deep_salience.wav
MQ,17,3,sori,0.0,000542_0Ycad70UNwE_300k_sori_0.0.wav,mq_session17_sample03_sori_adv_cfg0.0.wav,mq_evaluation/session_17/mq_session17_sample03_sori_adv_cfg0.0.wav
MQ,17,4,sori,0.5,000542_0Ycad70UNwE_300k_sori_0.5.wav,mq_session17_sample04_sori_adv_cfg0.5.wav,mq_evaluation/session_17/mq_session17_sample04_sori_adv_cfg0.5.wav
MQ,17,5,sori,1.0,000542_0Ycad70UNwE_300k_sori_1.0.wav,mq_session17_sample05_sori_adv_cfg1.0.wav,mq_evaluation/session_17/mq_session17_sample05_sori_adv_cfg1.0.wav
MQ,17,6,sori,2.0,000542_0Ycad70UNwE_300k_sori_2.0.wav,mq_session17_sample06_sori_adv_cfg2.0.wav,mq_evaluation/session_17/mq_session17_sample06_sori_adv_cfg2.0.wav
MQ,17,7,sori,3.0,000542_0Ycad70UNwE_300k_sori_3.0.wav,mq_session17_sample07_sori_adv_cfg3.0.wav,mq_evaluation/session_17/mq_session17_sample07_sori_adv_cfg3.0.wav
MQ,17,8,sori_no_adv,0.0,000542_0Ycad70UNwE_300k_sori_no_adv_0.0.wav,mq_session17_sample08_sori_noadv_cfg0.0.wav,mq_evaluation/session_17/mq_session17_sample08_sori_noadv_cfg0.0.wav
MQ,17,9,sori_no_adv,0.5,000542_0Ycad70UNwE_300k_sori_no_adv_0.5.wav,mq_session17_sample09_sori_noadv_cfg0.5.wav,mq_evaluation/session_17/mq_session17_sample09_sori_noadv_cfg0.5.wav
MQ,17,10,sori_no_adv,1.0,000542_0Ycad70UNwE_300k_sori_no_adv_1.0.wav,mq_session17_sample10_sori_noadv_cfg1.0.wav,mq_evaluation/session_17/mq_session17_sample10_sori_noadv_cfg1.0.wav
MQ,17,11,sori_no_adv,2.0,000542_0Ycad70UNwE_300k_sori_no_adv_2.0.wav,mq_session17_sample11_sori_noadv_cfg2.0.wav,mq_evaluation/session_17/mq_session17_sample11_sori_noadv_cfg2.0.wav
MQ,17,12,sori_no_adv,3.0,000542_0Ycad70UNwE_300k_sori_no_adv_3.0.wav,mq_session17_sample12_sori_noadv_cfg3.0.wav,mq_evaluation/session_17/mq_session17_sample12_sori_noadv_cfg3.0.wav
MQ,17,13,tt,N/A,000542_0Ycad70UNwE_tt.wav,mq_session17_sample13_baseline_timbre_trap.wav,mq_evaluation/session_17/mq_session17_sample13_baseline_timbre_trap.wav
MQ,18,1,bp,N/A,000556_0aaLWD7TUSU_bp.wav,mq_session18_sample01_baseline_basic_pitch.wav,mq_evaluation/session_18/mq_session18_sample01_baseline_basic_pitch.wav
MQ,18,2,ds,N/A,000556_0aaLWD7TUSU_ds.wav,mq_session18_sample02_baseline_deep_salience.wav,mq_evaluation/session_18/mq_session18_sample02_baseline_deep_salience.wav
MQ,18,3,sori,0.0,000556_0aaLWD7TUSU_300k_sori_0.0.wav,mq_session18_sample03_sori_adv_cfg0.0.wav,mq_evaluation/session_18/mq_session18_sample03_sori_adv_cfg0.0.wav
MQ,18,4,sori,0.5,000556_0aaLWD7TUSU_300k_sori_0.5.wav,mq_session18_sample04_sori_adv_cfg0.5.wav,mq_evaluation/session_18/mq_session18_sample04_sori_adv_cfg0.5.wav
MQ,18,5,sori,1.0,000556_0aaLWD7TUSU_300k_sori_1.0.wav,mq_session18_sample05_sori_adv_cfg1.0.wav,mq_evaluation/session_18/mq_session18_sample05_sori_adv_cfg1.0.wav
MQ,18,6,sori,2.0,000556_0aaLWD7TUSU_300k_sori_2.0.wav,mq_session18_sample06_sori_adv_cfg2.0.wav,mq_evaluation/session_18/mq_session18_sample06_sori_adv_cfg2.0.wav
MQ,18,7,sori,3.0,000556_0aaLWD7TUSU_300k_sori_3.0.wav,mq_session18_sample07_sori_adv_cfg3.0.wav,mq_evaluation/session_18/mq_session18_sample07_sori_adv_cfg3.0.wav
MQ,18,8,sori_no_adv,0.0,000556_0aaLWD7TUSU_300k_sori_no_adv_0.0.wav,mq_session18_sample08_sori_noadv_cfg0.0.wav,mq_evaluation/session_18/mq_session18_sample08_sori_noadv_cfg0.0.wav
MQ,18,9,sori_no_adv,0.5,000556_0aaLWD7TUSU_300k_sori_no_adv_0.5.wav,mq_session18_sample09_sori_noadv_cfg0.5.wav,mq_evaluation/session_18/mq_session18_sample09_sori_noadv_cfg0.5.wav
MQ,18,10,sori_no_adv,1.0,000556_0aaLWD7TUSU_300k_sori_no_adv_1.0.wav,mq_session18_sample10_sori_noadv_cfg1.0.wav,mq_evaluation/session_18/mq_session18_sample10_sori_noadv_cfg1.0.wav
MQ,18,11,sori_no_adv,2.0,000556_0aaLWD7TUSU_300k_sori_no_adv_2.0.wav,mq_session18_sample11_sori_noadv_cfg2.0.wav,mq_evaluation/session_18/mq_session18_sample11_sori_noadv_cfg2.0.wav
MQ,18,12,sori_no_adv,3.0,000556_0aaLWD7TUSU_300k_sori_no_adv_3.0.wav,mq_session18_sample12_sori_noadv_cfg3.0.wav,mq_evaluation/session_18/mq_session18_sample12_sori_noadv_cfg3.0.wav
MQ,18,13,tt,N/A,000556_0aaLWD7TUSU_tt.wav,mq_session18_sample13_baseline_timbre_trap.wav,mq_evaluation/session_18/mq_session18_sample13_baseline_timbre_trap.wav
MQ,19,1,bp,N/A,000608_0kIIGL-xFhY_bp.wav,mq_session19_sample01_baseline_basic_pitch.wav,mq_evaluation/session_19/mq_session19_sample01_baseline_basic_pitch.wav
MQ,19,2,ds,N/A,000608_0kIIGL-xFhY_ds.wav,mq_session19_sample02_baseline_deep_salience.wav,mq_evaluation/session_19/mq_session19_sample02_baseline_deep_salience.wav
MQ,19,3,sori,0.0,000608_0kIIGL-xFhY_300k_sori_0.0.wav,mq_session19_sample03_sori_adv_cfg0.0.wav,mq_evaluation/session_19/mq_session19_sample03_sori_adv_cfg0.0.wav
MQ,19,4,sori,0.5,000608_0kIIGL-xFhY_300k_sori_0.5.wav,mq_session19_sample04_sori_adv_cfg0.5.wav,mq_evaluation/session_19/mq_session19_sample04_sori_adv_cfg0.5.wav
MQ,19,5,sori,1.0,000608_0kIIGL-xFhY_300k_sori_1.0.wav,mq_session19_sample05_sori_adv_cfg1.0.wav,mq_evaluation/session_19/mq_session19_sample05_sori_adv_cfg1.0.wav
MQ,19,6,sori,2.0,000608_0kIIGL-xFhY_300k_sori_2.0.wav,mq_session19_sample06_sori_adv_cfg2.0.wav,mq_evaluation/session_19/mq_session19_sample06_sori_adv_cfg2.0.wav
MQ,19,7,sori,3.0,000608_0kIIGL-xFhY_300k_sori_3.0.wav,mq_session19_sample07_sori_adv_cfg3.0.wav,mq_evaluation/session_19/mq_session19_sample07_sori_adv_cfg3.0.wav
MQ,19,8,sori_no_adv,0.0,000608_0kIIGL-xFhY_300k_sori_no_adv_0.0.wav,mq_session19_sample08_sori_noadv_cfg0.0.wav,mq_evaluation/session_19/mq_session19_sample08_sori_noadv_cfg0.0.wav
MQ,19,9,sori_no_adv,0.5,000608_0kIIGL-xFhY_300k_sori_no_adv_0.5.wav,mq_session19_sample09_sori_noadv_cfg0.5.wav,mq_evaluation/session_19/mq_session19_sample09_sori_noadv_cfg0.5.wav
MQ,19,10,sori_no_adv,1.0,000608_0kIIGL-xFhY_300k_sori_no_adv_1.0.wav,mq_session19_sample10_sori_noadv_cfg1.0.wav,mq_evaluation/session_19/mq_session19_sample10_sori_noadv_cfg1.0.wav
MQ,19,11,sori_no_adv,2.0,000608_0kIIGL-xFhY_300k_sori_no_adv_2.0.wav,mq_session19_sample11_sori_noadv_cfg2.0.wav,mq_evaluation/session_19/mq_session19_sample11_sori_noadv_cfg2.0.wav
MQ,19,12,sori_no_adv,3.0,000608_0kIIGL-xFhY_300k_sori_no_adv_3.0.wav,mq_session19_sample12_sori_noadv_cfg3.0.wav,mq_evaluation/session_19/mq_session19_sample12_sori_noadv_cfg3.0.wav
MQ,19,13,tt,N/A,000608_0kIIGL-xFhY_tt.wav,mq_session19_sample13_baseline_timbre_trap.wav,mq_evaluation/session_19/mq_session19_sample13_baseline_timbre_trap.wav
MQ,20,1,bp,N/A,000662_0w7pCxwXzVc_bp.wav,mq_session20_sample01_baseline_basic_pitch.wav,mq_evaluation/session_20/mq_session20_sample01_baseline_basic_pitch.wav
MQ,20,2,ds,N/A,000662_0w7pCxwXzVc_ds.wav,mq_session20_sample02_baseline_deep_salience.wav,mq_evaluation/session_20/mq_session20_sample02_baseline_deep_salience.wav
MQ,20,3,sori,0.0,000662_0w7pCxwXzVc_300k_sori_0.0.wav,mq_session20_sample03_sori_adv_cfg0.0.wav,mq_evaluation/session_20/mq_session20_sample03_sori_adv_cfg0.0.wav
MQ,20,4,sori,0.5,000662_0w7pCxwXzVc_300k_sori_0.5.wav,mq_session20_sample04_sori_adv_cfg0.5.wav,mq_evaluation/session_20/mq_session20_sample04_sori_adv_cfg0.5.wav
MQ,20,5,sori,1.0,000662_0w7pCxwXzVc_300k_sori_1.0.wav,mq_session20_sample05_sori_adv_cfg1.0.wav,mq_evaluation/session_20/mq_session20_sample05_sori_adv_cfg1.0.wav
MQ,20,6,sori,2.0,000662_0w7pCxwXzVc_300k_sori_2.0.wav,mq_session20_sample06_sori_adv_cfg2.0.wav,mq_evaluation/session_20/mq_session20_sample06_sori_adv_cfg2.0.wav
MQ,20,7,sori,3.0,000662_0w7pCxwXzVc_300k_sori_3.0.wav,mq_session20_sample07_sori_adv_cfg3.0.wav,mq_evaluation/session_20/mq_session20_sample07_sori_adv_cfg3.0.wav
MQ,20,8,sori_no_adv,0.0,000662_0w7pCxwXzVc_300k_sori_no_adv_0.0.wav,mq_session20_sample08_sori_noadv_cfg0.0.wav,mq_evaluation/session_20/mq_session20_sample08_sori_noadv_cfg0.0.wav
MQ,20,9,sori_no_adv,0.5,000662_0w7pCxwXzVc_300k_sori_no_adv_0.5.wav,mq_session20_sample09_sori_noadv_cfg0.5.wav,mq_evaluation/session_20/mq_session20_sample09_sori_noadv_cfg0.5.wav
MQ,20,10,sori_no_adv,1.0,000662_0w7pCxwXzVc_300k_sori_no_adv_1.0.wav,mq_session20_sample10_sori_noadv_cfg1.0.wav,mq_evaluation/session_20/mq_session20_sample10_sori_noadv_cfg1.0.wav
MQ,20,11,sori_no_adv,2.0,000662_0w7pCxwXzVc_300k_sori_no_adv_2.0.wav,mq_session20_sample11_sori_noadv_cfg2.0.wav,mq_evaluation/session_20/mq_session20_sample11_sori_noadv_cfg2.0.wav
MQ,20,12,sori_no_adv,3.0,000662_0w7pCxwXzVc_300k_sori_no_adv_3.0.wav,mq_session20_sample12_sori_noadv_cfg3.0.wav,mq_evaluation/session_20/mq_session20_sample12_sori_noadv_cfg3.0.wav
MQ,20,13,tt,N/A,000662_0w7pCxwXzVc_tt.wav,mq_session20_sample13_baseline_timbre_trap.wav,mq_evaluation/session_20/mq_session20_sample13_baseline_timbre_trap.wav
